Date,Year,Month,Day,Latitude,Longitude,Magnitude,Depth_km,Intensity,Tsunami,Tsunami_Magnitude,Wave_Height_m,Death_Toll,Economic_Impact_Million_USD
2001-02-07,2001,2,7,35.04178787573884,138.92762473866998,4.35,124.2,4,No,0.0,0.0,0,0
2001-02-10,2001,2,10,9.31929068307569,159.23506834773744,5.11,39.1,6,No,0.0,0.0,0,20
2001-02-14,2001,2,14,-19.222535084153463,164.6665499372274,5.55,36.3,6,Yes,1.62,4.78,43,23
2001-02-25,2001,2,25,-32.18494544984366,177.296237332912,4.3,62.9,5,No,0.0,0.0,1,0
2001-03-15,2001,3,15,2.703956015465259,97.75826652261367,4.76,65.1,5,No,0.0,0.0,11,8
2001-03-29,2001,3,29,31.24665927084409,27.772081057620703,6.55,30.9,7,Yes,2.52,3.68,19,499
2001-04-02,2001,4,2,40.74008420958876,8.490366938877425,4.86,27.4,6,No,0.0,0.0,0,202
2001-04-08,2001,4,8,38.90712524809028,25.992854781340288,4.03,25.6,5,No,0.0,0.0,0,0
2001-04-16,2001,4,16,0.5125963143838256,-25.551950009058036,9.5,47.3,9,Yes,2.09,1.06,128,72
2001-04-26,2001,4,26,-18.344409034071496,-7.98327786308014,6.66,21.6,8,Yes,1.55,7.91,80,464
2001-04-27,2001,4,27,-5.00357666661227,103.0431101950544,4.29,132.9,5,No,0.0,0.0,0,0
2001-05-05,2001,5,5,-19.404324911311125,110.69690509852346,4.74,27.0,6,No,0.0,0.0,0,0
2001-05-14,2001,5,14,32.15180333350417,146.89714619451217,5.63,148.1,6,No,0.0,0.0,0,0
2001-05-26,2001,5,26,9.366029443936084,167.6802536148064,4.61,83.7,5,No,0.0,0.0,6,0
2001-05-27,2001,5,27,-16.880901173363302,172.4373456739908,4.42,95.5,4,No,0.0,0.0,0,0
2001-06-11,2001,6,11,-26.567594392150745,173.04195633258777,5.17,113.2,6,No,0.0,0.0,0,0
2001-06-15,2001,6,15,4.501766463646712,98.37754023768531,4.43,43.6,5,No,0.0,0.0,0,0
2001-07-06,2001,7,6,35.401542962738,26.339919194551257,9.31,154.4,10,No,0.0,0.0,0,0
2001-07-15,2001,7,15,39.81485141792799,13.451865815347878,4.06,55.4,5,No,0.0,0.0,0,0
2001-07-23,2001,7,23,36.31617809334149,26.43938506751592,5.16,88.2,5,No,0.0,0.0,0,0
2001-07-24,2001,7,24,-4.04839071427657,-23.243489617424263,4.04,112.0,4,Yes,4.5,3.26,314,811
2001-07-31,2001,7,31,-15.771957679443261,-7.103305629142249,7.1,217.0,7,No,0.0,0.0,0,0
2001-08-01,2001,8,1,-12.617891882113032,102.38097382594106,4.18,31.9,5,No,0.0,0.0,1,1
2001-08-20,2001,8,20,-19.297355802390438,119.65150147844223,4.37,159.7,4,No,0.0,0.0,2,0
2001-09-03,2001,9,3,34.8516088710427,141.0244584764998,5.43,19.1,6,No,0.0,0.0,14,0
2001-09-10,2001,9,10,16.365900419732682,158.08678004724607,4.37,20.3,5,No,0.0,0.0,0,347
2001-09-27,2001,9,27,-10.738487256030435,165.28776111875158,5.79,18.4,7,No,0.0,0.0,1,0
2001-10-04,2001,10,4,-24.612366980713436,175.16163392854685,7.29,165.8,8,No,0.0,0.0,0,0
2001-10-16,2001,10,16,-0.5516693759865867,97.3142058959144,4.79,33.3,5,No,0.0,0.0,0,0
2001-10-22,2001,10,22,35.6713638549167,24.950731311781745,4.98,54.9,6,No,0.0,0.0,0,0
2001-10-24,2001,10,24,32.08181119700783,16.38764565794262,7.16,89.8,8,No,0.0,0.0,0,0
2001-10-28,2001,10,28,40.521822093321894,30.200024068767462,5.45,79.9,7,No,0.0,0.0,0,0
2001-11-12,2001,11,12,-1.1109701057918897,-27.5006769618378,6.04,18.8,7,No,0.0,0.0,0,0
2001-11-24,2001,11,24,-19.860690355531553,-18.079568422939758,5.51,48.8,6,No,0.0,0.0,7,0
2001-11-24,2001,11,24,-10.285886597160856,100.83706457731101,5.5,144.4,6,No,0.0,0.0,0,0
2001-11-25,2001,11,25,-21.21399746992114,113.91112816309388,5.31,31.2,6,No,0.0,0.0,10,0
2001-12-13,2001,12,13,36.1013068003642,137.42258383806114,4.04,11.1,4,No,0.0,0.0,0,0
2001-12-30,2001,12,30,-30.619701505293985,174.86738420876628,4.05,62.7,4,No,0.0,0.0,0,0
2001-12-30,2001,12,30,-18.840913196012682,169.61737198484045,8.52,18.2,9,Yes,4.77,2.63,121,263
2001-12-30,2001,12,30,14.64347120832177,155.65595829875127,4.27,89.2,4,No,0.0,0.0,0,0
2002-01-01,2002,1,1,3.0281760391331125,98.37025965746135,6.21,103.1,7,No,0.0,0.0,0,3
2002-01-05,2002,1,5,37.127011272765536,24.73079291713832,4.19,16.7,5,No,0.0,0.0,0,0
2002-01-09,2002,1,9,34.777502776096895,14.957132905830093,5.31,25.7,6,No,0.0,0.0,0,0
2002-02-18,2002,2,18,31.72836202011313,22.24829152954283,5.78,108.3,7,No,0.0,0.0,3,27
2002-02-20,2002,2,20,7.206078845506369,-25.067809268334457,5.82,51.0,6,Yes,2.31,3.19,5,225
2002-02-21,2002,2,21,-20.843300878657864,-8.606940419451433,6.42,21.2,7,Yes,1.42,4.04,43,26
2002-03-16,2002,3,16,-4.564059627595386,101.0737771860753,7.07,72.6,8,No,0.0,0.0,0,0
2002-03-29,2002,3,29,-19.4072011859228,121.2257826178758,5.12,75.8,5,No,0.0,0.0,1,205
2002-03-29,2002,3,29,31.905271259389526,137.41210528736133,6.34,63.8,7,No,0.0,0.0,0,0
2002-04-08,2002,4,8,9.360093980154783,161.84055391819126,4.11,11.6,4,No,0.0,0.0,0,0
2002-04-12,2002,4,12,-12.201362747014135,169.61947564585745,4.83,31.2,5,No,0.0,0.0,0,201
2002-05-06,2002,5,6,-23.994788692409593,176.68382422368802,7.1,125.5,8,No,0.0,0.0,4,0
2002-05-25,2002,5,25,3.598579678440376,93.23857529862023,5.5,76.0,6,No,0.0,0.0,0,0
2002-05-26,2002,5,26,32.985129896185846,24.923337787025662,4.43,112.3,6,No,0.0,0.0,0,0
2002-06-07,2002,6,7,33.53329585568285,15.95767002658664,4.74,184.4,5,No,0.0,0.0,0,0
2002-06-19,2002,6,19,40.03951164519215,26.85923826336245,4.4,13.8,5,No,0.0,0.0,0,0
2002-07-12,2002,7,12,-0.7777513277406767,-21.29893923587189,4.43,58.0,5,No,0.0,0.0,0,133
2002-07-21,2002,7,21,-13.769756049317477,-12.85419364330534,5.32,111.4,6,No,0.0,0.0,1,75
2002-07-26,2002,7,26,-10.392747918309247,96.8951354064036,8.07,29.0,9,Yes,1.17,1.48,125,1687
2002-08-08,2002,8,8,-18.96053457230602,117.99403032957896,5.01,65.0,4,No,0.0,0.0,1,0
2002-08-16,2002,8,16,36.83832171518771,135.83975331047904,9.26,14.9,10,Yes,2.78,7.08,13,599
2002-08-18,2002,8,18,15.010221801546313,162.8888965873424,5.27,11.5,6,No,0.0,0.0,0,0
2002-08-22,2002,8,22,-13.083809333912447,163.57098526180854,4.75,62.7,6,No,0.0,0.0,0,0
2002-09-02,2002,9,2,-30.75714013039335,178.02180005729957,6.01,115.4,7,No,0.0,0.0,0,0
2002-09-11,2002,9,11,3.7922002095495744,99.10351822693269,6.4,38.6,6,No,0.0,0.0,3,39
2002-09-17,2002,9,17,30.068777853235826,22.344509503000456,4.89,23.6,6,No,0.0,0.0,0,0
2002-09-23,2002,9,23,40.268994595049385,19.6019343625487,4.93,33.9,5,No,0.0,0.0,0,0
2002-10-07,2002,10,7,34.06380375912933,30.06771129602892,5.4,82.4,7,No,0.0,0.0,0,0
2002-10-16,2002,10,16,-0.7580570640028917,-23.823746410897392,7.93,13.1,8,No,0.0,0.0,0,66
2002-10-19,2002,10,19,-22.95281712587751,-11.087297804197071,5.16,28.6,5,No,0.0,0.0,0,0
2002-11-02,2002,11,2,-12.947462180614929,99.32610055000893,4.3,67.1,5,No,0.0,0.0,0,0
2002-11-07,2002,11,7,-22.81168414650147,119.19224410918112,5.2,12.2,6,No,0.0,0.0,0,0
2002-11-07,2002,11,7,35.14658021097711,139.12177507361164,4.39,21.9,5,No,0.0,0.0,0,0
2002-11-13,2002,11,13,11.254127961227837,162.24149567277874,4.48,96.5,5,No,0.0,0.0,0,97
2002-11-17,2002,11,17,-8.331913112594775,163.28653716773866,4.28,76.8,5,No,0.0,0.0,0,102
2002-11-17,2002,11,17,-23.368430995225946,175.3275246449765,5.35,44.3,5,No,0.0,0.0,5,0
2002-11-30,2002,11,30,7.033102442229322,95.33923527487602,5.77,247.0,6,No,0.0,0.0,6,0
2002-12-12,2002,12,12,34.389258919692914,23.254957258154068,4.39,31.9,4,Yes,3.08,1.21,123,143
2002-12-14,2002,12,14,40.09318874196416,15.325628028085315,5.58,48.1,7,No,0.0,0.0,0,0
2002-12-27,2002,12,27,40.25705702809814,24.88496443272477,5.24,168.1,6,No,0.0,0.0,0,0
2003-01-03,2003,1,3,-2.74487720334809,-24.756169471698918,4.9,80.6,5,No,0.0,0.0,0,0
2003-01-04,2003,1,4,-20.949225349084404,-10.36070690006245,5.1,58.9,6,Yes,4.02,1.41,175,771
2003-01-18,2003,1,18,-13.211783014706807,97.33076169464029,4.67,14.6,5,No,0.0,0.0,0,0
2003-01-23,2003,1,23,-26.45867177885745,116.16573581359289,7.78,44.4,10,No,0.0,0.0,0,0
2003-01-26,2003,1,26,33.68423838122811,142.49890824171038,7.16,111.3,8,No,0.0,0.0,0,0
2003-01-29,2003,1,29,6.7327645215214655,161.6095295307112,4.64,195.7,5,No,0.0,0.0,0,198
2003-02-20,2003,2,20,-15.075080876235432,169.45329889760086,5.4,82.4,6,No,0.0,0.0,0,0
2003-02-24,2003,2,24,-32.97693979810828,178.5232730109345,4.85,28.7,5,No,0.0,0.0,0,102
2003-02-25,2003,2,25,3.62033813504938,93.15250413663543,5.58,18.2,6,Yes,4.12,2.85,6,2645
2003-03-21,2003,3,21,33.988742086645885,23.15979200937718,5.77,13.2,6,No,0.0,0.0,0,0
2003-03-24,2003,3,24,32.39710412084663,17.737305747777498,5.47,47.4,6,No,0.0,0.0,10,0
2003-03-27,2003,3,27,35.48687443747244,30.623427925383005,5.98,83.3,6,Yes,2.66,2.97,1,160
2003-03-29,2003,3,29,-1.6387333447574481,-23.82458798379236,5.15,22.1,5,Yes,1.96,12.17,79,1614
2003-04-09,2003,4,9,-20.092816991466872,-19.880474024881494,6.79,15.2,8,Yes,1.6,2.18,53,333
2003-05-12,2003,5,12,-14.115703428794069,95.15931580636978,4.92,86.9,6,No,0.0,0.0,0,0
2003-05-17,2003,5,17,-23.36246709656116,110.20259054065896,6.76,12.0,7,No,0.0,0.0,0,0
2003-06-04,2003,6,4,37.22628611602792,139.89787774121947,5.52,57.6,6,Yes,3.07,1.49,102,368
2003-06-08,2003,6,8,9.27012851295986,160.71088424713614,4.11,13.7,4,Yes,4.83,5.01,52,185
2003-06-13,2003,6,13,-11.398758276166724,165.0293171630858,5.62,20.2,7,No,0.0,0.0,5,0
2003-06-20,2003,6,20,-32.270385265708384,172.73456799977447,4.35,16.5,6,No,0.0,0.0,0,0
2003-06-29,2003,6,29,0.24992608331795552,97.1157758206811,9.19,90.2,10,Yes,4.92,3.76,107,699
2003-07-01,2003,7,1,38.217522011929404,23.905141811371344,7.95,22.7,8,Yes,2.73,2.74,64,1443
2003-07-02,2003,7,2,35.54856660537671,14.005631106826083,4.33,119.0,5,No,0.0,0.0,8,0
2003-07-12,2003,7,12,36.55906393182097,30.641194313177525,5.96,84.9,6,No,0.0,0.0,3,0
2003-07-20,2003,7,20,-0.28311525010614347,-25.257679749153375,5.94,95.1,7,No,0.0,0.0,0,0
2003-07-22,2003,7,22,-14.893355166094286,-13.277740461534295,4.53,51.6,6,No,0.0,0.0,0,0
2003-07-29,2003,7,29,-11.867134584972408,101.43426998988237,4.93,10.5,5,No,0.0,0.0,0,0
2003-07-30,2003,7,30,-22.5515613626279,113.25842965058584,5.21,76.0,6,No,0.0,0.0,2,0
2003-08-03,2003,8,3,34.59794849998125,139.0440645841876,6.15,11.8,6,No,0.0,0.0,15,0
2003-08-08,2003,8,8,7.687625099029769,162.1671440734833,9.5,33.0,10,Yes,3.89,7.52,87,258
2003-08-13,2003,8,13,-9.956723055208538,164.74728335065967,4.0,58.3,6,No,0.0,0.0,0,88
2003-08-19,2003,8,19,-30.888051681989694,177.3793470684704,5.24,51.1,5,No,0.0,0.0,0,0
2003-08-21,2003,8,21,4.335083228499913,95.3464428510144,5.03,14.0,4,Yes,2.34,5.61,71,787
2003-08-21,2003,8,21,37.40280991888839,23.704612634079382,4.85,14.6,5,No,0.0,0.0,0,0
2003-08-28,2003,8,28,33.92743952701238,20.562277699002564,5.52,87.0,7,No,0.0,0.0,0,0
2003-09-08,2003,9,8,33.18791305057062,23.23995542063434,4.67,30.4,5,Yes,1.1,6.35,8,374
2003-09-26,2003,9,26,0.9695031425543443,-25.442807758896006,4.45,38.1,4,No,0.0,0.0,0,162
2003-09-29,2003,9,29,-28.616786639844946,-14.08254471515191,4.86,75.4,6,No,0.0,0.0,4,139
2003-10-18,2003,10,18,-8.939551282154,100.36451503420514,4.11,12.9,4,No,0.0,0.0,1,0
2003-10-22,2003,10,22,-22.7684905691805,114.08850745604136,6.25,13.4,8,No,0.0,0.0,0,0
2003-10-22,2003,10,22,35.30493286306853,135.60692082552418,4.79,31.3,6,No,0.0,0.0,5,0
2003-10-26,2003,10,26,9.290249684877349,159.6713521255924,4.45,75.6,5,No,0.0,0.0,5,83
2003-11-02,2003,11,2,-13.600710052699421,166.89307555310754,5.41,31.5,6,No,0.0,0.0,1,0
2003-11-04,2003,11,4,-26.554087951713853,173.95253454306481,6.95,74.2,7,Yes,3.83,3.35,8,316
2003-12-13,2003,12,13,-1.7990215168771124,96.8260481577033,8.37,104.8,9,No,0.0,0.0,0,0
2003-12-16,2003,12,16,41.1724864091351,25.062381123026224,6.46,40.7,7,Yes,4.15,1.67,31,99
2004-01-01,2004,1,1,40.48580144036829,12.694905158057784,5.1,21.5,5,No,0.0,0.0,0,0
2004-01-10,2004,1,10,34.310427573910026,29.64932933144148,5.16,44.4,6,No,0.0,0.0,0,0
2004-01-21,2004,1,21,3.9284186890521386,-26.704426989503006,9.01,21.4,9,Yes,2.15,5.72,46,513
2004-01-24,2004,1,24,-16.156950914794663,-13.79643346841779,4.26,69.5,5,No,0.0,0.0,0,0
2004-01-26,2004,1,26,-10.796640514055271,101.45027646434382,9.5,17.6,11,Yes,1.74,7.73,46,92
2004-01-28,2004,1,28,-23.202598742762817,115.07265837001827,9.12,37.0,10,Yes,3.67,4.02,16,1078
2004-01-31,2004,1,31,31.432966152859898,138.23424417369324,4.02,51.0,5,No,0.0,0.0,0,0
2004-02-06,2004,2,6,7.9405011215679355,161.01545153038506,6.56,48.9,7,No,0.0,0.0,0,0
2004-02-07,2004,2,7,-15.496197054430535,170.91790975198157,4.66,44.1,5,No,0.0,0.0,0,124
2004-02-23,2004,2,23,-31.232125977307252,175.0118586844112,6.07,62.7,6,No,0.0,0.0,0,0
2004-03-10,2004,3,10,3.211190271009828,96.92741318082726,5.51,16.7,6,No,0.0,0.0,0,0
2004-03-27,2004,3,27,36.57279403292951,23.47241427854361,5.54,69.2,6,No,0.0,0.0,0,0
2004-04-09,2004,4,9,38.54172354897675,15.538745345818795,7.07,82.6,8,No,0.0,0.0,0,0
2004-04-19,2004,4,19,40.95114536616381,24.101062842704604,4.89,40.8,5,No,0.0,0.0,0,0
2004-04-23,2004,4,23,-1.6059845578617682,-25.271599846912483,6.02,135.1,7,No,0.0,0.0,0,0
2004-05-03,2004,5,3,-19.04906174667978,-11.334011739347119,4.5,113.1,5,No,0.0,0.0,0,0
2004-05-05,2004,5,5,-10.670397947115557,98.9520496116454,4.02,41.6,5,No,0.0,0.0,0,0
2004-05-10,2004,5,10,-22.591853664262416,116.2849388874205,5.35,121.4,6,No,0.0,0.0,1,0
2004-05-13,2004,5,13,35.24936739697004,137.59868977962768,9.5,106.8,10,No,0.0,0.0,8,0
2004-05-17,2004,5,17,10.925791604884653,161.95984951974862,4.84,29.1,7,No,0.0,0.0,0,0
2004-05-25,2004,5,25,-15.412345543883076,169.85862364160883,5.4,59.9,5,No,0.0,0.0,0,0
2004-06-07,2004,6,7,-29.909515282394626,176.23023620945347,5.58,160.3,5,No,0.0,0.0,0,0
2004-06-07,2004,6,7,0.13205191479664413,97.58382236571173,4.44,32.5,4,No,0.0,0.0,0,0
2004-06-10,2004,6,10,34.75068328211392,20.485838877906993,4.35,46.3,5,Yes,1.03,1.74,0,67
2004-07-14,2004,7,14,40.253438749219214,13.267409719477339,5.27,45.9,6,No,0.0,0.0,0,0
2004-07-15,2004,7,15,36.74409200478354,26.042838193000147,5.06,113.7,5,No,0.0,0.0,0,0
2004-07-19,2004,7,19,-1.1973355566082498,-26.958690317234687,4.75,37.4,4,No,0.0,0.0,0,0
2004-07-22,2004,7,22,-17.314885057771654,-15.449183155050319,4.45,13.1,5,No,0.0,0.0,0,48
2004-07-30,2004,7,30,-16.455446203987915,97.84254004227274,4.19,37.1,5,No,0.0,0.0,0,0
2004-08-02,2004,8,2,-18.674178051291772,111.72880276767147,5.35,10.5,7,No,0.0,0.0,0,0
2004-08-07,2004,8,7,36.144615687767995,140.9097889774655,4.19,126.4,4,No,0.0,0.0,0,1
2004-08-12,2004,8,12,7.063291714054573,168.03432962091517,4.07,16.6,4,No,0.0,0.0,0,0
2004-09-19,2004,9,19,-12.09162839841979,168.28158308561507,5.77,38.1,7,No,0.0,0.0,1,0
2004-09-23,2004,9,23,-30.75013954379686,177.86608088783956,7.73,38.2,8,Yes,3.33,2.39,76,621
2004-10-01,2004,10,1,-0.9603581372186349,101.44606748084738,4.27,38.2,5,No,0.0,0.0,0,0
2004-10-04,2004,10,4,39.18705143236987,23.313495920265094,4.79,28.6,5,No,0.0,0.0,0,0
2004-10-16,2004,10,16,42.674163548651016,13.613711944045805,4.23,43.2,5,Yes,3.02,10.97,36,29
2004-10-23,2004,10,23,37.889966910353614,26.223611811998694,4.51,125.2,6,No,0.0,0.0,0,0
2004-10-24,2004,10,24,0.7187296210896261,-22.288231747789432,6.63,216.8,6,No,0.0,0.0,0,0
2004-10-24,2004,10,24,-23.380302406729417,-17.581775019197167,5.21,49.0,6,No,0.0,0.0,0,0
2004-11-01,2004,11,1,-13.190206019712853,97.37977109773658,4.32,13.0,5,No,0.0,0.0,16,0
2004-11-18,2004,11,18,-25.474172140702215,114.48441104061013,5.48,43.6,5,No,0.0,0.0,0,0
2004-11-23,2004,11,23,38.302878904995715,144.8750423626618,5.45,21.2,6,No,0.0,0.0,3,0
2004-11-23,2004,11,23,10.4030795152963,163.25735897481803,4.21,88.2,5,No,0.0,0.0,0,0
2004-11-26,2004,11,26,-15.373853388570389,163.48222517344178,9.5,43.0,10,Yes,3.35,2.41,28,123
2004-12-01,2004,12,1,-25.876685720487547,170.5929773580639,5.29,110.3,7,No,0.0,0.0,0,0
2004-12-27,2004,12,27,3.2440955861926604,101.47575893903581,8.69,21.2,9,Yes,4.42,2.73,207,1127
2004-12-29,2004,12,29,26.178834096007158,26.967702329589283,4.03,42.4,5,No,0.0,0.0,0,0
2004-12-31,2004,12,31,35.77011848844168,12.758765762095075,4.67,91.6,6,No,0.0,0.0,15,612
2005-01-01,2005,1,1,40.53925626029188,29.17528736054399,6.02,17.7,7,No,0.0,0.0,0,0
2005-01-13,2005,1,13,1.7535096483579273,-23.65103228012245,5.43,14.6,6,No,0.0,0.0,2,0
2005-01-22,2005,1,22,-21.64531901548097,-13.67963841957748,8.43,13.8,9,Yes,3.09,2.07,6,357
2005-01-25,2005,1,25,-8.022262994702785,102.81271041287968,4.08,13.8,5,No,0.0,0.0,1,0
2005-02-07,2005,2,7,-20.58147841631841,114.20645547606817,4.38,61.1,4,No,0.0,0.0,0,0
2005-02-07,2005,2,7,32.43598116508575,140.0051113757874,7.29,45.0,8,Yes,3.34,3.94,6,583
2005-02-07,2005,2,7,6.079361400886594,161.42907330806867,5.21,46.7,6,No,0.0,0.0,0,0
2005-02-11,2005,2,11,-20.5000234935193,166.91574840322107,4.22,59.7,5,Yes,3.99,2.15,0,367
2005-02-20,2005,2,20,-29.534427948423062,179.4752947940029,4.57,15.4,5,No,0.0,0.0,9,0
2005-03-25,2005,3,25,2.787683987005775,97.58076973410263,4.85,130.4,4,No,0.0,0.0,0,116
2005-04-18,2005,4,18,34.597162513441084,29.26824440829982,4.01,19.1,5,No,0.0,0.0,0,0
2005-04-22,2005,4,22,33.83383894872254,18.175453630590972,4.17,86.1,3,No,0.0,0.0,2,0
2005-04-24,2005,4,24,39.05067214872745,22.675553815170666,4.69,33.1,5,Yes,4.07,2.62,175,959
2005-05-16,2005,5,16,1.8666214321302057,-28.416499353342306,4.96,116.1,5,No,0.0,0.0,0,0
2005-05-24,2005,5,24,-21.253890511515934,-10.176224374119457,4.57,61.8,5,No,0.0,0.0,0,220
2005-06-08,2005,6,8,-12.63544850964421,95.76239270973699,4.09,15.9,4,No,0.0,0.0,9,47
2005-07-16,2005,7,16,-22.983048123825537,107.31299902361407,5.14,55.2,6,Yes,2.86,10.93,52,575
2005-08-09,2005,8,9,38.16083719773098,136.82961157338914,6.22,46.8,7,No,0.0,0.0,0,0
2005-08-26,2005,8,26,9.576704292585692,162.94256034741244,5.09,31.4,5,No,0.0,0.0,1,0
2005-09-02,2005,9,2,-12.989340308167984,169.0308991620186,4.92,35.4,6,No,0.0,0.0,1,0
2005-09-07,2005,9,7,-30.322677395576726,174.9148690195508,8.75,153.0,9,No,0.0,0.0,0,0
2005-09-30,2005,9,30,-1.780494295517741,95.15091577588157,4.33,17.6,5,No,0.0,0.0,0,0
2005-11-20,2005,11,20,33.89124341324859,21.105619344836107,5.68,25.0,7,No,0.0,0.0,0,0
2005-12-02,2005,12,2,39.9620035497673,14.772146929072433,5.85,13.2,6,No,0.0,0.0,4,0
2005-12-07,2005,12,7,39.554221736687175,33.07081865768892,4.12,26.1,5,No,0.0,0.0,0,0
2005-12-10,2005,12,10,-1.6911005251737032,-25.24910081047832,4.27,39.5,5,No,0.0,0.0,9,0
2005-12-25,2005,12,25,-18.886717846058232,-13.85611566205536,4.45,38.7,5,No,0.0,0.0,4,0
2006-01-06,2006,1,6,-8.353875196044905,98.25656186364995,7.58,153.9,8,No,0.0,0.0,0,0
2006-01-11,2006,1,11,-18.53638314538678,120.41304432936023,4.43,61.2,5,No,0.0,0.0,4,0
2006-01-13,2006,1,13,34.06082590843054,138.99787421627005,4.01,32.1,5,No,0.0,0.0,5,0
2006-01-16,2006,1,16,7.643729001500759,158.5898735567215,4.84,11.5,5,No,0.0,0.0,0,34
2006-02-09,2006,2,9,-12.76742408550019,166.4563274803457,9.5,12.3,10,Yes,2.49,2.5,87,1263
2006-03-21,2006,3,21,-28.23680504256017,180.0,4.43,51.5,5,No,0.0,0.0,0,0
2006-03-22,2006,3,22,2.0428192035093025,94.13818174181006,4.37,12.0,4,Yes,1.7,7.05,14,1512
2006-03-25,2006,3,25,40.950158704555136,26.647692389504943,6.13,26.6,8,No,0.0,0.0,0,0
2006-04-09,2006,4,9,36.432638827668896,17.764950335773378,6.27,42.3,7,No,0.0,0.0,4,40
2006-04-14,2006,4,14,40.33164069065231,27.033424689146273,4.79,93.3,6,No,0.0,0.0,0,0
2006-04-28,2006,4,28,2.0406483163513482,-21.422477462566075,4.25,114.3,5,No,0.0,0.0,2,13
2006-04-29,2006,4,29,-27.675105149771305,-16.194540211688988,4.54,23.1,5,Yes,3.92,11.22,24,553
2006-05-02,2006,5,2,-8.001062497272365,101.38777387856186,4.82,28.0,5,No,0.0,0.0,0,0
2006-05-03,2006,5,3,-23.406382681094392,119.37919562511382,5.62,14.1,5,No,0.0,0.0,0,151
2006-05-15,2006,5,15,36.705440675823795,139.31592796263726,4.07,25.4,5,No,0.0,0.0,6,0
2006-05-31,2006,5,31,6.1314693505510585,153.07244880614542,8.05,97.9,9,No,0.0,0.0,0,0
2006-06-11,2006,6,11,-14.309787722425794,168.4932292672742,5.96,108.9,7,No,0.0,0.0,0,42
2006-06-14,2006,6,14,-27.66319048946366,178.37331859845565,8.41,44.3,10,Yes,1.65,5.63,54,252
2006-06-20,2006,6,20,1.8191330258251646,98.36438550892714,4.4,71.0,5,No,0.0,0.0,0,0
2006-06-26,2006,6,26,33.019036581579655,27.096485260607604,4.3,90.5,5,No,0.0,0.0,0,200
2006-07-04,2006,7,4,35.56348763197479,12.411672707870638,4.51,112.6,6,No,0.0,0.0,0,0
2006-07-16,2006,7,16,-1.8877901810783662,-20.398816870250503,4.11,86.6,4,No,0.0,0.0,0,0
2006-07-16,2006,7,16,44.80411799530017,27.209240546523148,4.51,28.3,5,No,0.0,0.0,0,0
2006-07-22,2006,7,22,-20.489962421851693,-12.376829709522086,5.54,65.7,6,No,0.0,0.0,2,0
2006-08-08,2006,8,8,-10.88279461538067,98.41588900644113,4.49,38.3,5,No,0.0,0.0,3,352
2006-09-03,2006,9,3,-22.772699432804913,117.67059523337436,4.82,31.3,6,No,0.0,0.0,1,0
2006-09-04,2006,9,4,32.23442056062406,135.9881278837555,5.6,182.9,6,No,0.0,0.0,0,0
2006-09-06,2006,9,6,8.18503466902184,165.0203562708956,5.57,25.6,7,Yes,4.86,1.87,136,623
2006-09-11,2006,9,11,-19.72493840829907,169.7781871334359,4.47,55.5,5,No,0.0,0.0,0,16
2006-11-01,2006,11,1,-29.169619652024135,180.0,5.71,36.2,7,Yes,3.33,1.88,49,1590
2006-12-04,2006,12,4,5.373060079611508,95.99776830706018,4.31,65.8,5,No,0.0,0.0,0,0
2006-12-16,2006,12,16,33.89141921349992,24.605582212984995,4.45,38.5,5,No,0.0,0.0,4,0
2006-12-21,2006,12,21,33.12321191468315,17.069123415735582,5.88,14.8,6,No,0.0,0.0,0,0
2007-01-06,2007,1,6,36.38844868245693,32.11504244162109,5.4,65.9,6,No,0.0,0.0,0,0
2007-02-03,2007,2,3,1.4990553309088015,-23.58399318724218,8.05,49.3,8,Yes,3.47,5.07,116,378
2007-02-07,2007,2,7,-21.858667025065053,-13.538504251765229,5.16,25.7,6,No,0.0,0.0,0,0
2007-02-17,2007,2,17,-10.692599121534307,104.3597819899631,5.49,24.3,6,No,0.0,0.0,0,0
2007-02-17,2007,2,17,-19.44725625816769,113.56284682791474,4.03,27.9,4,No,0.0,0.0,3,0
2007-02-27,2007,2,27,35.75618102811583,137.8716028570776,4.79,63.2,6,No,0.0,0.0,0,20
2007-02-28,2007,2,28,10.020153883706671,161.7118389916586,4.18,27.1,5,No,0.0,0.0,3,0
2007-03-06,2007,3,6,-19.053223098624066,163.03262612976928,6.65,87.9,7,No,0.0,0.0,0,0
2007-03-08,2007,3,8,-34.090117874163475,179.12290927112545,7.14,15.4,8,Yes,3.21,3.1,17,988
2007-03-08,2007,3,8,4.765404505931757,98.44806366162764,6.94,79.0,8,No,0.0,0.0,0,111
2007-03-15,2007,3,15,32.24394046554172,23.747899559184745,4.27,10.1,5,No,0.0,0.0,0,0
2007-03-16,2007,3,16,36.15694105818524,16.274898348742635,4.66,15.6,4,No,0.0,0.0,0,0
2007-03-30,2007,3,30,37.30567798748717,30.064149886288195,4.81,38.0,6,No,0.0,0.0,0,0
2007-04-08,2007,4,8,0.0013364825626353497,-28.89150586565463,4.8,112.2,5,No,0.0,0.0,0,93
2007-04-10,2007,4,10,-22.368336080722962,-12.699530847654433,4.35,34.9,4,No,0.0,0.0,3,0
2007-04-15,2007,4,15,-10.137100693290337,97.70502415373161,5.23,59.5,6,No,0.0,0.0,0,0
2007-04-22,2007,4,22,-19.603937232147327,116.08432611084197,5.0,30.3,6,No,0.0,0.0,0,193
2007-05-08,2007,5,8,34.72962577702697,142.0701567448822,4.12,34.5,5,No,0.0,0.0,0,0
2007-05-17,2007,5,17,2.259331998046184,158.1798991157041,4.71,91.4,5,No,0.0,0.0,0,0
2007-05-29,2007,5,29,-18.23361543413157,164.93384700073125,4.65,33.3,5,Yes,2.48,2.87,79,544
2007-06-06,2007,6,6,-33.41305701127445,176.39552539815745,6.45,84.1,7,No,0.0,0.0,7,0
2007-06-14,2007,6,14,4.11351961947417,99.36717006212656,6.44,46.5,7,Yes,3.68,3.91,124,103
2007-06-17,2007,6,17,34.64637780625522,26.06800788767508,6.13,55.5,7,No,0.0,0.0,0,0
2007-06-24,2007,6,24,33.90242828941738,16.193781149840426,4.96,73.0,5,No,0.0,0.0,1,0
2007-08-15,2007,8,15,34.78329894246407,27.046855001848808,4.31,14.0,5,No,0.0,0.0,0,0
2007-08-19,2007,8,19,3.325013059911451,-23.20965166097507,4.48,68.9,4,No,0.0,0.0,0,0
2007-09-11,2007,9,11,-22.685209526829816,-12.208315345239846,4.37,55.2,4,No,0.0,0.0,0,0
2007-09-14,2007,9,14,-7.862114548460713,102.27863940873412,4.31,14.6,5,No,0.0,0.0,0,0
2007-10-23,2007,10,23,-24.694408314086164,115.28603259832393,4.59,124.1,5,No,0.0,0.0,0,0
2007-11-04,2007,11,4,33.59255290992257,140.93388473895308,5.29,13.5,5,Yes,5.0,2.19,172,831
2007-11-10,2007,11,10,8.267758578977396,159.8820781371171,6.3,51.8,7,No,0.0,0.0,0,0
2007-11-10,2007,11,10,-10.995290256469668,168.88924963519602,4.06,100.7,5,No,0.0,0.0,0,0
2007-12-01,2007,12,1,-26.86473457774574,177.43466349929068,6.12,39.2,7,No,0.0,0.0,0,0
2007-12-22,2007,12,22,4.1109248473795255,97.47747683599631,7.97,30.9,9,Yes,1.85,17.3,183,534
2007-12-30,2007,12,30,37.655694448966976,23.22293213304384,4.91,66.2,5,No,0.0,0.0,0,0
2008-01-07,2008,1,7,37.004138953023954,11.16968114360674,5.76,69.7,6,No,0.0,0.0,0,0
2008-01-10,2008,1,10,40.12047980820517,25.806887658279248,5.65,100.8,7,No,0.0,0.0,7,0
2008-01-16,2008,1,16,2.539554275182013,-23.500700684511934,6.44,172.1,7,No,0.0,0.0,0,0
2008-01-22,2008,1,22,-23.453042250858523,-12.84103004656532,5.31,54.9,6,No,0.0,0.0,0,0
2008-02-01,2008,2,1,-9.41492504791562,97.72515379333723,7.19,117.2,8,No,0.0,0.0,9,0
2008-02-03,2008,2,3,-22.412947278979978,117.6860662922878,9.5,11.5,10,Yes,3.49,11.88,54,949
2008-02-08,2008,2,8,34.45273700854275,137.5461137079881,4.1,195.1,5,No,0.0,0.0,0,0
2008-02-10,2008,2,10,6.760264960379283,159.46967751065264,4.47,15.3,4,No,0.0,0.0,18,0
2008-02-14,2008,2,14,-15.185292599580388,168.4383245542582,4.49,90.0,6,No,0.0,0.0,1,29
2008-02-26,2008,2,26,-33.41570211914886,175.86178650304248,4.63,110.0,5,No,0.0,0.0,3,0
2008-02-27,2008,2,27,6.056085428542144,97.84656222229128,4.22,53.5,4,No,0.0,0.0,4,0
2008-02-28,2008,2,28,34.92602815780552,19.342699243737272,6.59,12.9,7,Yes,2.83,4.87,60,560
2008-03-16,2008,3,16,38.44620018200616,16.10619944195256,4.57,48.6,4,No,0.0,0.0,0,0
2008-03-25,2008,3,25,37.50184710422589,32.10808946504381,5.02,43.0,5,No,0.0,0.0,0,0
2008-03-26,2008,3,26,-5.1116147604801565,-27.773397964388664,4.91,81.9,5,No,0.0,0.0,15,83
2008-04-12,2008,4,12,-11.945977285807778,-17.69980647889063,5.21,33.3,6,No,0.0,0.0,4,32
2008-05-03,2008,5,3,-11.823625782027454,98.38263189055306,6.62,26.8,7,No,0.0,0.0,0,0
2008-05-14,2008,5,14,-22.988149358005323,113.40306320221063,4.14,50.7,5,No,0.0,0.0,0,111
2008-05-16,2008,5,16,32.95282701714231,136.96951235083895,7.11,24.4,7,Yes,1.0,7.14,39,503
2008-05-28,2008,5,28,10.375160110654452,153.73891894419378,4.15,43.3,4,No,0.0,0.0,1,0
2008-06-05,2008,6,5,-14.12342181502088,166.43801294478087,4.95,41.4,5,No,0.0,0.0,3,0
2008-06-08,2008,6,8,-25.834986665374657,175.8449345648614,4.05,21.4,5,No,0.0,0.0,0,0
2008-06-16,2008,6,16,2.0638413113121903,99.66019707866363,5.04,12.6,6,Yes,3.2,2.73,146,97
2008-07-01,2008,7,1,33.72729099980587,23.290501215283722,5.41,26.5,6,No,0.0,0.0,0,0
2008-07-03,2008,7,3,41.28735105565309,13.155148685554993,4.2,84.1,5,No,0.0,0.0,0,0
2008-07-11,2008,7,11,41.00596441427372,27.294202618616833,6.24,23.4,7,No,0.0,0.0,16,0
2008-08-09,2008,8,9,-0.34868712936587454,-24.35586045048842,5.42,66.7,6,No,0.0,0.0,0,0
2008-08-09,2008,8,9,-18.399797446287316,-16.88806109632386,8.96,10.5,9,Yes,3.82,3.92,441,196
2008-08-14,2008,8,14,-11.811941877907689,99.31135403391896,4.88,25.1,5,No,0.0,0.0,0,0
2008-08-19,2008,8,19,-23.4640842278986,111.7137972909723,9.17,39.6,10,Yes,1.99,2.91,53,705
2008-08-29,2008,8,29,36.40001294589824,143.56301868147813,7.52,95.0,8,No,0.0,0.0,0,0
2008-09-03,2008,9,3,14.242089593746675,162.79657469278115,7.39,129.9,8,No,0.0,0.0,0,0
2008-09-06,2008,9,6,-16.50682552352366,165.52173436641777,4.63,38.1,5,No,0.0,0.0,6,0
2008-09-17,2008,9,17,-35.551894925084554,179.34102843484933,4.85,19.0,5,No,0.0,0.0,0,0
2008-09-20,2008,9,20,5.791120032964006,94.4610520676028,5.61,144.1,6,No,0.0,0.0,0,0
2008-10-09,2008,10,9,37.577941373368915,26.400148702015546,4.17,53.0,5,No,0.0,0.0,19,0
2008-10-30,2008,10,30,37.44673022753911,12.961677231204861,6.01,11.6,6,No,0.0,0.0,0,18
2008-10-31,2008,10,31,40.74673343269128,26.80207613732757,4.64,12.6,5,Yes,3.77,2.84,24,485
2008-11-06,2008,11,6,1.458108868252911,-29.641911966815098,4.67,96.7,6,No,0.0,0.0,0,0
2008-11-17,2008,11,17,-21.555823937090885,-17.23418644989114,4.13,41.4,4,No,0.0,0.0,0,0
2008-11-19,2008,11,19,-6.399214750783512,98.6105159137438,6.6,34.3,7,Yes,2.21,9.09,6,1367
2008-11-22,2008,11,22,-14.128476399081086,114.91950446887282,4.79,18.8,5,No,0.0,0.0,0,0
2008-11-28,2008,11,28,33.972352397426704,139.5113913129897,4.81,16.2,5,No,0.0,0.0,0,0
2008-12-03,2008,12,3,7.109140667804575,153.4441094579953,6.69,94.3,8,No,0.0,0.0,0,0
2008-12-21,2008,12,21,-15.865646087627114,164.64873943662673,4.8,66.3,5,No,0.0,0.0,2,17
2008-12-27,2008,12,27,-30.87676564633152,177.45930597880297,4.39,44.9,5,No,0.0,0.0,0,0
2008-12-31,2008,12,31,2.6757923517426487,99.07816826535058,5.49,35.8,7,No,0.0,0.0,0,0
2009-01-05,2009,1,5,33.49214115850472,24.104209787171122,6.68,48.9,7,No,0.0,0.0,0,0
2009-01-22,2009,1,22,36.44246274342176,15.929996949496665,6.79,43.1,8,Yes,2.23,3.55,21,30
2009-02-02,2009,2,2,36.923543363769326,30.924035746985332,6.46,156.6,6,No,0.0,0.0,0,0
2009-02-02,2009,2,2,4.948442682971763,-21.78816832006244,5.75,16.4,6,No,0.0,0.0,4,0
2009-02-11,2009,2,11,-25.609449018596493,-17.48535153173709,4.28,37.1,5,No,0.0,0.0,0,49
2009-02-21,2009,2,21,-6.85387862075031,104.96622133926489,4.27,23.3,4,Yes,4.34,12.03,15,141
2009-02-24,2009,2,24,-20.318664481526035,115.25044337655956,4.75,11.5,5,No,0.0,0.0,7,0
2009-02-25,2009,2,25,35.290484532228554,137.48845974152536,4.76,192.1,5,No,0.0,0.0,6,0
2009-03-08,2009,3,8,11.340210892173191,158.10934434040718,4.83,99.3,5,No,0.0,0.0,1,0
2009-03-26,2009,3,26,-20.956383061253288,165.16993106750493,7.07,14.4,7,Yes,4.01,1.16,68,301
2009-03-29,2009,3,29,-34.893827446382836,173.2877200853323,5.27,91.8,6,No,0.0,0.0,0,0
2009-03-29,2009,3,29,-1.4630880046989532,91.74451357974485,5.71,12.9,6,Yes,2.57,4.58,13,522
2009-03-31,2009,3,31,34.02323792854063,24.06245151797299,4.39,36.5,5,No,0.0,0.0,0,0
2009-04-06,2009,4,6,39.935266336084105,16.56642763780181,4.76,18.5,5,No,0.0,0.0,0,0
2009-04-11,2009,4,11,38.381055589142015,28.81567110305477,5.29,110.5,6,No,0.0,0.0,0,0
2009-04-13,2009,4,13,-4.605120742597079,-30.64003010172329,4.6,51.5,5,No,0.0,0.0,13,0
2009-04-17,2009,4,17,-16.163402560059822,-16.85694914221639,6.17,24.6,6,No,0.0,0.0,0,0
2009-04-20,2009,4,20,-7.298804234814809,101.35367595795553,4.59,66.4,4,No,0.0,0.0,0,0
2009-05-19,2009,5,19,-14.51695705115091,117.75390301199909,4.38,68.9,5,No,0.0,0.0,0,0
2009-06-12,2009,6,12,35.851253070984505,136.03637997729774,6.84,12.3,7,Yes,2.37,2.95,156,211
2009-06-21,2009,6,21,8.932266176716745,159.44314759624623,4.04,59.9,4,No,0.0,0.0,0,35
2009-06-29,2009,6,29,-14.34266819989677,167.2314343576494,4.08,120.5,4,No,0.0,0.0,0,0
2009-07-05,2009,7,5,-26.823814410348362,176.4815947878106,4.23,72.7,5,No,0.0,0.0,0,0
2009-07-16,2009,7,16,2.333830304159827,97.45730430062255,5.69,66.9,7,No,0.0,0.0,0,0
2009-07-20,2009,7,20,31.586937630347798,28.63782471226137,4.02,75.2,5,No,0.0,0.0,0,0
2009-07-24,2009,7,24,34.365030768460784,13.865976302945349,4.15,99.0,5,No,0.0,0.0,0,51
2009-08-18,2009,8,18,41.163406087636744,24.251177698308826,4.44,10.6,6,No,0.0,0.0,0,0
2009-08-19,2009,8,19,1.8252232613976784,-16.7020611566822,4.13,49.8,4,No,0.0,0.0,0,0
2009-08-25,2009,8,25,-20.635000945793532,-15.883201718253517,4.29,228.5,5,No,0.0,0.0,0,0
2009-09-21,2009,9,21,-11.685838743085304,103.04393615931824,4.55,35.8,5,No,0.0,0.0,0,0
2009-09-27,2009,9,27,-22.813776729609195,115.64987492621385,5.77,70.3,6,No,0.0,0.0,0,0
2009-10-02,2009,10,2,37.2350916887384,143.3183371454594,4.31,11.3,5,No,0.0,0.0,0,0
2009-10-04,2009,10,4,10.249338114304358,159.83828545298277,5.32,49.0,5,Yes,1.23,1.33,27,403
2009-10-07,2009,10,7,-13.027905109831288,163.1887737680617,6.57,12.1,8,Yes,3.76,1.87,34,485
2009-10-11,2009,10,11,-28.277786337317995,180.0,4.94,20.5,5,No,0.0,0.0,0,0
2009-10-26,2009,10,26,0.8774591720294489,96.5333029164345,6.18,70.6,7,No,0.0,0.0,0,0
2009-11-16,2009,11,16,39.77174621785355,27.036793870177835,4.43,16.4,5,No,0.0,0.0,0,0
2009-12-30,2009,12,30,36.45584379067214,13.51693698642985,5.06,18.8,5,No,0.0,0.0,0,0
2010-01-11,2010,1,11,1.201444159518986,-24.606804441352455,4.25,42.4,4,No,0.0,0.0,0,0
2010-01-11,2010,1,11,33.93796695866787,21.61832250639633,5.62,39.2,5,No,0.0,0.0,8,0
2010-01-22,2010,1,22,-21.084765741726777,-17.353248961778526,5.99,21.7,6,Yes,3.21,3.71,164,440
2010-01-28,2010,1,28,-6.682298726928073,98.30815753582527,5.17,14.1,5,No,0.0,0.0,0,0
2010-02-14,2010,2,14,-21.320890361322675,114.3349342600028,5.36,14.2,5,No,0.0,0.0,0,0
2010-02-15,2010,2,15,41.814349236268384,137.78680773044812,6.65,86.5,7,No,0.0,0.0,0,208
2010-03-08,2010,3,8,1.403261744340944,162.0462084701879,5.67,42.8,6,No,0.0,0.0,0,404
2010-03-15,2010,3,15,-17.024802056371655,165.7907720328049,4.87,61.6,5,No,0.0,0.0,4,0
2010-03-20,2010,3,20,-31.59650568938157,175.17793670036338,6.58,97.5,7,No,0.0,0.0,0,0
2010-03-26,2010,3,26,5.807517969375138,97.63884992101487,5.5,86.7,7,No,0.0,0.0,0,0
2010-05-01,2010,5,1,37.66711136683968,26.72123326301324,5.27,20.2,5,Yes,3.42,5.33,63,138
2010-05-02,2010,5,2,35.22247130436121,15.70493362444874,4.87,18.9,4,No,0.0,0.0,2,50
2010-05-11,2010,5,11,45.15891607350499,30.266308962650015,4.24,45.2,5,Yes,1.28,3.56,26,1062
2010-05-25,2010,5,25,1.640883286389871,-24.79346280614844,4.07,15.2,4,Yes,1.74,3.34,45,33
2010-05-28,2010,5,28,-20.655959832305108,-14.274198672527344,4.2,46.5,5,No,0.0,0.0,0,0
2010-06-03,2010,6,3,-9.04251912972403,100.39306228623609,4.23,34.1,4,No,0.0,0.0,0,0
2010-06-09,2010,6,9,-14.68949715305818,107.07730696196889,4.04,30.4,4,No,0.0,0.0,15,0
2010-06-30,2010,6,30,32.25222581821272,142.40288438166465,4.75,23.5,6,Yes,1.72,5.79,48,405
2010-07-03,2010,7,3,8.855734478007681,159.4505485868401,4.65,86.3,5,No,0.0,0.0,10,0
2010-07-18,2010,7,18,-16.505352578434596,162.8826033563477,4.79,201.3,5,No,0.0,0.0,0,0
2010-08-16,2010,8,16,-25.202529946414156,180.0,6.45,110.7,7,Yes,3.77,1.45,50,407
2010-08-28,2010,8,28,3.508234422472444,89.52018753900977,9.5,17.3,11,Yes,2.58,1.43,11,1500
2010-08-30,2010,8,30,31.49377691452062,17.118803929575503,4.66,55.0,5,No,0.0,0.0,3,0
2010-09-07,2010,9,7,32.80919772559612,16.016095106517554,6.03,11.3,7,No,0.0,0.0,0,0
2010-09-18,2010,9,18,35.767871769045726,31.129489350058613,5.99,57.1,7,No,0.0,0.0,1,0
2010-11-04,2010,11,4,1.0401299328147597,-17.465330345246727,4.51,10.3,5,No,0.0,0.0,6,87
2010-11-12,2010,11,12,-20.18552025188205,-11.442212590114693,4.78,46.8,6,No,0.0,0.0,0,0
2010-11-29,2010,11,29,-7.191372971260151,100.55443090746921,5.36,93.1,5,No,0.0,0.0,0,0
2010-12-02,2010,12,2,-19.139132437094872,112.50413524751664,4.43,28.3,5,No,0.0,0.0,0,0
2010-12-13,2010,12,13,32.824709837077464,139.60004455351523,4.14,19.4,5,No,0.0,0.0,1,0
2010-12-14,2010,12,14,12.547697181182613,159.67793562785795,5.25,64.4,6,No,0.0,0.0,0,0
2010-12-31,2010,12,31,-17.920136514081104,170.02140000941947,7.18,12.5,8,Yes,4.59,1.89,28,84
2011-01-09,2011,1,9,-26.548177348220793,173.60200873932106,6.13,81.4,7,No,0.0,0.0,0,0
2011-01-13,2011,1,13,2.102082233216696,97.33411780552015,8.09,28.1,9,Yes,4.06,4.53,342,260
2011-01-30,2011,1,30,32.535591412911046,26.59328980685382,4.35,45.1,6,No,0.0,0.0,0,0
2011-02-06,2011,2,6,34.497030863525254,17.29208934471858,4.78,25.7,6,No,0.0,0.0,0,0
2011-02-19,2011,2,19,36.92173542690587,22.475436436938214,4.1,43.3,4,No,0.0,0.0,1,0
2011-03-01,2011,3,1,-1.1320262308434303,-22.848149256523673,6.94,107.3,7,No,0.0,0.0,5,0
2011-03-06,2011,3,6,-16.310677326434188,-7.337948610250658,5.07,16.4,6,No,0.0,0.0,0,0
2011-03-07,2011,3,7,-6.421794503750757,96.22639553227333,6.09,93.6,7,No,0.0,0.0,0,0
2011-03-15,2011,3,15,-22.165889981375386,117.53657829965563,4.44,113.2,6,No,0.0,0.0,6,0
2011-03-30,2011,3,30,33.94786866612951,142.1499825023517,4.28,100.5,4,No,0.0,0.0,6,0
2011-04-24,2011,4,24,-12.383408999781066,166.05473980641767,5.94,16.0,7,No,0.0,0.0,0,325
2011-04-24,2011,4,24,15.884305774643353,161.13643158848978,5.85,15.6,7,No,0.0,0.0,0,0
2011-05-17,2011,5,17,-25.64214976354146,174.25103724277974,8.27,27.7,8,Yes,2.57,1.45,0,402
2011-05-22,2011,5,22,1.8172465016876502,97.66443309302775,4.66,31.1,7,No,0.0,0.0,0,0
2011-06-01,2011,6,1,41.92374875184833,24.45565279225745,5.63,55.2,6,No,0.0,0.0,0,0
2011-06-05,2011,6,5,38.53068293550882,13.54562797092932,5.57,37.1,7,No,0.0,0.0,6,0
2011-06-07,2011,6,7,33.98325067629804,26.991749276897455,7.8,31.2,8,Yes,1.82,2.63,11,10
2011-08-02,2011,8,2,-2.1440420309712955,-23.436160284958557,4.19,13.5,5,No,0.0,0.0,0,0
2011-08-29,2011,8,29,-23.125542636321587,-17.70049275183471,5.46,73.4,5,No,0.0,0.0,25,0
2011-10-08,2011,10,8,-10.31946364954164,98.63862254450775,6.43,30.9,7,No,0.0,0.0,0,0
2011-10-25,2011,10,25,-20.06683693755114,115.96624693230096,6.11,24.3,7,No,0.0,0.0,0,0
2011-10-29,2011,10,29,35.86523344614818,137.3119239266793,4.64,10.4,5,No,0.0,0.0,8,0
2011-11-01,2011,11,1,6.630457682852237,160.70616478164405,4.52,37.0,4,No,0.0,0.0,0,0
2011-11-02,2011,11,2,-31.651655795125464,177.94907496460843,4.2,13.7,4,No,0.0,0.0,8,0
2011-11-02,2011,11,2,-21.2267640272356,166.7417909216273,4.17,163.3,5,No,0.0,0.0,1,0
2011-11-12,2011,11,12,3.75849740117835,95.76275854535056,4.28,106.2,4,Yes,3.05,5.4,207,1209
2011-11-17,2011,11,17,32.32733116417383,22.443395106035247,4.75,49.3,5,No,0.0,0.0,0,37
2011-11-23,2011,11,23,41.337593978926094,15.04894680505733,6.02,61.9,6,Yes,3.19,1.27,37,276
2011-12-09,2011,12,9,38.62881316117549,25.80696091915619,8.43,17.6,8,Yes,1.43,12.93,17,756
2011-12-18,2011,12,18,3.5915594538672844,-29.428201275315168,4.32,17.9,5,No,0.0,0.0,0,0
2011-12-19,2011,12,19,-18.557275721753314,-14.60757268119449,4.56,60.5,5,No,0.0,0.0,4,0
2012-01-13,2012,1,13,-12.904137275530736,99.06907688384528,4.33,23.6,4,No,0.0,0.0,0,0
2012-01-18,2012,1,18,-15.785173012345641,113.53783175112969,4.95,90.7,6,No,0.0,0.0,10,0
2012-01-22,2012,1,22,-14.041425987651134,171.96085180547686,7.24,50.4,8,Yes,1.78,1.55,110,208
2012-01-22,2012,1,22,31.670141488891254,142.4411841335213,4.09,57.1,4,No,0.0,0.0,0,15
2012-01-22,2012,1,22,8.207886714016796,156.81611940486556,4.55,140.2,5,No,0.0,0.0,0,0
2012-01-26,2012,1,26,-31.95842545250941,178.14373279943422,6.01,55.5,6,No,0.0,0.0,1,0
2012-01-28,2012,1,28,4.231705030640879,94.50188434418364,7.77,37.6,8,Yes,4.85,2.77,81,226
2012-02-12,2012,2,12,37.54883596554864,27.07857275271231,4.63,38.4,5,No,0.0,0.0,0,0
2012-02-17,2012,2,17,37.47894330822371,16.714225163156343,6.03,91.8,6,No,0.0,0.0,0,51
2012-03-02,2012,3,2,44.819965174429,24.774049715724168,5.51,20.3,7,No,0.0,0.0,0,0
2012-03-09,2012,3,9,3.0284153657879065,-27.53482431578049,4.99,22.2,5,No,0.0,0.0,0,0
2012-03-27,2012,3,27,-27.7652498966126,-13.820696487880152,5.84,24.5,7,No,0.0,0.0,1,4
2012-04-01,2012,4,1,-7.1190856111555885,101.38745087220056,5.2,18.3,5,No,0.0,0.0,0,0
2012-04-03,2012,4,3,-17.40726915579732,113.28587724274817,7.42,16.4,8,Yes,4.26,3.73,53,330
2012-04-07,2012,4,7,33.76333776492659,141.7404211960522,7.06,14.6,8,Yes,4.39,1.6,61,100
2012-04-22,2012,4,22,14.514302123884907,156.49739735406192,4.36,12.1,5,No,0.0,0.0,0,0
2012-04-24,2012,4,24,-17.194895216725584,172.67132205546736,8.59,73.5,9,No,0.0,0.0,0,0
2012-05-10,2012,5,10,-32.11446651299395,180.0,5.38,19.1,7,No,0.0,0.0,0,0
2012-05-27,2012,5,27,3.067006845689688,97.57473218858227,6.15,54.8,6,Yes,3.67,3.93,84,346
2012-05-30,2012,5,30,36.068650129443384,20.76311704021043,6.45,20.3,7,Yes,2.74,4.22,39,172
2012-05-31,2012,5,31,31.07353668634859,17.25329836352193,8.05,138.0,9,No,0.0,0.0,0,0
2012-06-10,2012,6,10,37.36166699178429,28.790586543222787,4.02,50.2,4,No,0.0,0.0,0,359
2012-06-10,2012,6,10,7.172298494303172,-23.86872371877257,4.4,43.0,5,No,0.0,0.0,0,0
2012-06-12,2012,6,12,-21.829702288615767,-9.273831577831505,4.1,53.0,5,No,0.0,0.0,0,0
2012-06-27,2012,6,27,-6.467365825691242,99.3622641160343,4.46,37.4,5,Yes,2.8,3.59,59,212
2012-07-01,2012,7,1,-20.95471258322786,112.65653086560665,6.18,179.5,7,No,0.0,0.0,0,0
2012-07-04,2012,7,4,31.80733546899348,141.98563366743218,5.49,40.4,6,No,0.0,0.0,0,0
2012-07-04,2012,7,4,8.335460211143628,159.93309914884583,7.66,57.1,8,Yes,2.0,2.26,95,419
2012-07-15,2012,7,15,-17.82138086935727,167.10387421627775,4.02,175.8,5,No,0.0,0.0,0,114
2012-07-17,2012,7,17,-27.870647128248937,177.66242552366427,6.18,36.1,6,No,0.0,0.0,0,0
2012-08-10,2012,8,10,-0.8527321890616961,97.95556301439662,4.56,21.3,5,No,0.0,0.0,0,0
2012-08-26,2012,8,26,33.27216556572881,24.51032071530728,4.38,57.9,6,Yes,2.3,2.9,9,2098
2012-09-08,2012,9,8,35.83495918509652,14.08314266679506,4.34,83.3,5,No,0.0,0.0,0,3
2012-09-14,2012,9,14,38.32704308736569,29.57875461703067,4.74,98.5,5,No,0.0,0.0,0,0
2012-09-18,2012,9,18,0.5011110021790655,-23.747814607798247,4.68,149.2,5,No,0.0,0.0,0,0
2012-09-19,2012,9,19,-21.769684269388673,-14.396508066933116,4.73,26.6,5,No,0.0,0.0,0,0
2012-09-25,2012,9,25,-6.363523934349007,98.52056543273756,4.86,111.8,6,No,0.0,0.0,0,0
2012-10-14,2012,10,14,-22.33211445453772,119.67636755349068,4.88,77.8,5,No,0.0,0.0,1,0
2012-10-16,2012,10,16,33.63561584786692,135.88058040691934,4.77,13.0,5,No,0.0,0.0,0,91
2012-10-25,2012,10,25,14.396175055053936,157.79439689571026,5.05,10.4,6,No,0.0,0.0,0,45
2012-10-27,2012,10,27,-15.167761345566639,168.01387258469634,5.05,130.4,5,No,0.0,0.0,0,0
2012-11-12,2012,11,12,-26.685174233307084,169.92799732620156,9.1,69.7,9,Yes,4.45,2.97,7,408
2012-11-22,2012,11,22,4.9704987168778665,96.34860677516139,4.34,97.6,5,No,0.0,0.0,17,0
2012-12-08,2012,12,8,29.490920648688807,23.701678349234832,4.32,16.9,5,No,0.0,0.0,0,0
2012-12-09,2012,12,9,37.97136341532731,27.83504590393401,4.5,20.2,5,Yes,1.09,5.47,3,325
2012-12-09,2012,12,9,35.20790570338755,13.536978077163003,4.61,150.6,6,No,0.0,0.0,0,0
2012-12-15,2012,12,15,-3.926334936230786,-19.19683441627441,4.04,86.5,3,Yes,4.05,7.71,57,393
2013-01-01,2013,1,1,-21.487634516030447,-10.708099437368874,7.92,173.6,8,No,0.0,0.0,0,0
2013-01-10,2013,1,10,-14.940591574878539,101.81377703410752,4.49,36.0,5,No,0.0,0.0,4,16
2013-01-26,2013,1,26,-28.563879988713175,112.4294444046166,4.14,28.1,4,No,0.0,0.0,0,0
2013-01-30,2013,1,30,37.54083950530974,139.43952760287533,4.01,93.2,4,No,0.0,0.0,0,0
2013-02-01,2013,2,1,9.074290614287408,158.98228909822114,5.77,76.1,5,No,0.0,0.0,3,0
2013-02-21,2013,2,21,-18.52806039675828,165.9938002388635,9.5,106.0,11,No,0.0,0.0,0,0
2013-03-08,2013,3,8,-28.740883174928204,177.82974451677313,5.42,33.2,6,No,0.0,0.0,2,0
2013-03-12,2013,3,12,6.305262197666707,95.95809313312647,4.99,89.0,5,No,0.0,0.0,0,0
2013-03-19,2013,3,19,32.836446329445636,19.848814154673853,4.01,62.2,5,No,0.0,0.0,0,0
2013-03-21,2013,3,21,40.22603020587069,15.632005395609333,4.23,52.1,4,No,0.0,0.0,0,0
2013-04-01,2013,4,1,38.28686687356236,20.21612691974959,7.03,24.0,7,No,0.0,0.0,0,0
2013-04-01,2013,4,1,2.2785446624583234,-25.875275896775612,9.1,39.3,9,Yes,3.1,4.49,24,676
2013-04-14,2013,4,14,-23.663232392264202,-14.291393327472912,4.58,20.7,4,No,0.0,0.0,0,0
2013-05-04,2013,5,4,-3.7204062033701657,95.46434974131036,9.5,23.8,10,Yes,3.86,3.8,8,574
2013-05-07,2013,5,7,-21.97336216788673,112.52714932696375,6.76,11.5,8,No,0.0,0.0,0,0
2013-06-07,2013,6,7,38.619824464591744,134.41849643023104,5.18,16.7,5,No,0.0,0.0,1,0
2013-07-02,2013,7,2,11.110283750361926,156.07789065330712,9.5,164.7,9,No,0.0,0.0,0,0
2013-07-15,2013,7,15,-14.86692360745318,161.76287770142105,6.26,107.7,7,No,0.0,0.0,0,0
2013-07-16,2013,7,16,-30.50689561998753,171.83647252413084,5.77,82.7,6,No,0.0,0.0,0,0
2013-07-22,2013,7,22,7.098307949026129,95.7946149191751,5.77,228.6,6,No,0.0,0.0,0,0
2013-07-29,2013,7,29,39.670645509640075,24.398576172526365,4.61,53.3,4,No,0.0,0.0,0,0
2013-08-12,2013,8,12,35.03830483502327,15.081940139554316,4.4,43.9,5,No,0.0,0.0,3,0
2013-08-21,2013,8,21,33.981318296065275,28.212638595831997,4.17,84.8,5,No,0.0,0.0,0,103
2013-08-29,2013,8,29,0.8298022965335421,-21.413558047523562,5.56,40.7,6,No,0.0,0.0,5,57
2013-09-04,2013,9,4,-25.425069297252236,-12.789689411386128,6.38,18.9,6,Yes,1.58,7.29,29,324
2013-09-09,2013,9,9,-9.114160178137395,97.670502578521,7.04,98.1,7,No,0.0,0.0,0,29
2013-09-20,2013,9,20,-21.850492631366812,116.72771331079701,5.41,100.1,6,No,0.0,0.0,6,0
2013-10-09,2013,10,9,30.808543080355545,142.66619582258855,9.5,25.3,10,Yes,4.72,1.07,140,656
2013-10-14,2013,10,14,12.215789595635393,157.36215165276403,5.58,212.2,6,No,0.0,0.0,0,44
2013-10-31,2013,10,31,-13.377274444317031,169.6285075015737,4.92,12.8,5,No,0.0,0.0,0,0
2013-10-31,2013,10,31,-26.87725775157788,174.75888203790217,9.39,32.3,10,Yes,2.42,4.44,65,638
2013-11-03,2013,11,3,-0.7017710576081848,93.60164514619676,4.2,63.3,4,Yes,3.39,7.11,187,308
2013-11-08,2013,11,8,34.76834766959615,27.987343685132586,4.42,37.3,5,No,0.0,0.0,0,0
2013-11-20,2013,11,20,32.929193290901274,15.669459164243092,4.16,131.0,4,No,0.0,0.0,0,185
2013-11-23,2013,11,23,36.71593419057318,24.3652102415296,6.12,53.7,7,Yes,1.75,1.61,2,453
2013-11-28,2013,11,28,0.2872075015996899,-26.779974668889803,6.57,29.8,8,Yes,3.39,1.96,2,674
2013-12-23,2013,12,23,-14.451913575840857,-11.470684003030279,4.35,31.7,5,No,0.0,0.0,5,0
2013-12-30,2013,12,30,-9.677666876977323,101.16211444189896,4.31,15.6,5,No,0.0,0.0,0,0
2013-12-31,2013,12,31,-17.0624436932308,116.91315849154574,4.51,61.1,5,No,0.0,0.0,0,86
2014-01-03,2014,1,3,36.5614635343227,136.54621597093717,4.29,23.4,5,No,0.0,0.0,0,0
2014-01-12,2014,1,12,7.2662376695018684,162.6434401624401,4.24,61.9,5,No,0.0,0.0,5,0
2014-01-21,2014,1,21,-17.415515255228627,170.23054443397305,4.89,36.0,5,No,0.0,0.0,1,0
2014-01-26,2014,1,26,-28.76100326358661,176.35779690681642,7.39,15.5,8,Yes,4.63,1.55,399,311
2014-02-05,2014,2,5,2.4526156138264104,98.14092052720463,4.54,20.4,5,No,0.0,0.0,0,54
2014-02-07,2014,2,7,36.0321617646904,26.04502521773838,4.33,15.1,4,No,0.0,0.0,0,0
2014-02-25,2014,2,25,41.039930294303446,11.216364444443073,5.16,66.5,6,No,0.0,0.0,0,0
2014-03-03,2014,3,3,37.34705458938525,27.504046021597585,6.68,249.1,8,Yes,3.77,4.37,368,2130
2014-03-23,2014,3,23,-3.2726897699183057,-22.61709660406898,6.4,15.7,6,No,0.0,0.0,0,0
2014-04-29,2014,4,29,-14.1644147771692,-19.463258207883488,6.15,147.6,6,No,0.0,0.0,10,0
2014-05-03,2014,5,3,-10.301427161715115,99.82782789099538,4.47,131.6,6,No,0.0,0.0,0,0
2014-05-05,2014,5,5,-24.27836710628353,115.83489693738349,4.4,62.8,5,No,0.0,0.0,0,1
2014-05-07,2014,5,7,34.267157180670395,140.30288822798607,6.57,377.0,8,Yes,2.06,4.26,173,1247
2014-05-14,2014,5,14,9.042447794897274,158.21076577609335,4.48,94.6,5,No,0.0,0.0,2,0
2014-05-30,2014,5,30,-18.530886338309905,172.46163172382543,4.27,224.1,5,No,0.0,0.0,0,12
2014-06-07,2014,6,7,-29.589984386511354,180.0,4.89,71.7,5,No,0.0,0.0,2,0
2014-06-14,2014,6,14,1.4090280553570547,95.16765416474239,5.15,289.0,6,No,0.0,0.0,0,0
2014-06-16,2014,6,16,38.93057572424269,24.352118438949304,5.39,59.7,6,No,0.0,0.0,0,206
2014-06-17,2014,6,17,34.800204719540936,12.990589925772415,6.0,29.3,6,No,0.0,0.0,16,0
2014-06-30,2014,6,30,42.1095467505133,25.308952013005065,4.01,11.0,5,No,0.0,0.0,0,0
2014-07-12,2014,7,12,-0.04983102697772696,-25.317456272493093,5.9,39.2,6,No,0.0,0.0,8,0
2014-07-19,2014,7,19,-22.198906697371278,-10.711790277567804,4.81,24.9,6,No,0.0,0.0,0,0
2014-08-07,2014,8,7,-14.340796209408573,99.8224042767742,5.48,32.2,6,No,0.0,0.0,0,0
2014-08-07,2014,8,7,-19.6141476487851,114.32303085786324,5.9,54.1,7,No,0.0,0.0,3,0
2014-08-08,2014,8,8,34.25415243869997,140.87984091178922,8.56,48.1,9,Yes,3.17,1.42,37,62
2014-08-22,2014,8,22,15.321355569618069,157.92584615446535,4.27,36.1,5,No,0.0,0.0,0,0
2014-08-23,2014,8,23,-17.56850952198525,167.10669822209897,9.5,64.9,9,Yes,3.34,1.35,282,106
2014-08-24,2014,8,24,-27.805196693524678,179.79380878798673,5.68,57.7,7,No,0.0,0.0,2,0
2014-09-07,2014,9,7,4.692630710911384,100.39065931551244,4.36,23.7,5,No,0.0,0.0,0,0
2014-09-14,2014,9,14,35.72927518298209,27.85391873289845,4.24,18.7,5,No,0.0,0.0,0,97
2014-09-17,2014,9,17,34.021401996743364,10.664384206763323,6.2,93.3,7,No,0.0,0.0,0,0
2014-09-25,2014,9,25,43.668922165440826,28.470238884754487,4.34,91.8,5,No,0.0,0.0,15,16
2014-10-08,2014,10,8,7.165115978611316,-21.44723006441148,5.55,10.9,6,No,0.0,0.0,0,83
2014-10-21,2014,10,21,-18.447439702527717,-20.099002207010145,5.04,13.7,7,No,0.0,0.0,0,0
2014-10-23,2014,10,23,-13.566890258604886,99.85035953761565,5.57,19.5,6,No,0.0,0.0,0,327
2014-10-24,2014,10,24,-19.89797571131556,110.90493461372009,6.44,95.1,7,No,0.0,0.0,0,0
2014-11-01,2014,11,1,33.337778818298034,140.1463915131899,5.19,49.5,6,Yes,2.67,6.76,129,62
2014-11-05,2014,11,5,7.779344266486876,158.39572998746704,5.46,32.0,6,No,0.0,0.0,5,0
2014-11-19,2014,11,19,-12.984166176556506,168.1526062160177,4.2,110.7,5,No,0.0,0.0,2,120
2014-11-25,2014,11,25,-29.203612021512818,180.0,8.13,46.0,9,Yes,3.14,2.5,148,349
2014-11-28,2014,11,28,-1.2858115565284143,87.469888560412,6.81,99.2,7,No,0.0,0.0,0,0
2014-11-28,2014,11,28,36.255944062450716,24.799327175215822,4.61,15.6,6,No,0.0,0.0,0,0
2014-12-05,2014,12,5,36.54964914623858,11.20798149615791,4.55,11.8,5,No,0.0,0.0,0,0
2014-12-07,2014,12,7,32.86818991604221,26.70239894120533,4.45,24.0,5,No,0.0,0.0,0,0
2014-12-07,2014,12,7,4.281916092867649,-26.258304257975652,4.62,51.5,5,No,0.0,0.0,0,191
2014-12-08,2014,12,8,-20.74325725471913,-10.038757970648497,4.58,128.2,5,No,0.0,0.0,3,21
2014-12-21,2014,12,21,-7.9593536322915295,99.40345076944705,5.18,25.7,6,No,0.0,0.0,0,0
2014-12-31,2014,12,31,-23.559009281329562,116.7635676644132,5.07,27.8,6,No,0.0,0.0,2,0
2015-01-09,2015,1,9,32.58086921264585,139.22708482001528,4.03,15.4,4,No,0.0,0.0,0,0
2015-01-10,2015,1,10,13.210605995862531,157.56291431713743,7.13,86.4,7,Yes,3.05,3.0,74,1471
2015-02-05,2015,2,5,-11.455296850742561,174.0309621584379,4.08,13.2,5,No,0.0,0.0,6,0
2015-02-07,2015,2,7,-30.424577260100843,175.5726136679853,4.43,33.3,5,No,0.0,0.0,0,0
2015-02-15,2015,2,15,0.3972791841112211,97.45273289087521,6.72,45.9,7,Yes,3.25,1.56,17,201
2015-02-18,2015,2,18,36.296650072277764,22.955859294791278,4.22,17.9,5,No,0.0,0.0,0,0
2015-02-25,2015,2,25,37.51452864458453,16.172821794842758,4.25,23.9,5,No,0.0,0.0,0,0
2015-03-12,2015,3,12,38.47816073299154,24.920067763232495,8.43,25.0,9,Yes,2.61,1.16,44,75
2015-03-14,2015,3,14,-5.0655155642055,-28.360142267409618,6.22,91.3,7,No,0.0,0.0,0,0
2015-03-18,2015,3,18,-21.334842891386508,-16.704485320682465,4.69,15.6,5,No,0.0,0.0,21,0
2015-04-13,2015,4,13,-6.003771421849678,94.41688021200366,7.63,50.4,9,Yes,2.51,6.56,64,535
2015-04-17,2015,4,17,-19.084270620405942,116.76217509941803,4.27,89.8,5,No,0.0,0.0,3,41
2015-04-19,2015,4,19,34.846818004655056,138.25934381029393,5.2,58.3,6,No,0.0,0.0,0,0
2015-05-05,2015,5,5,12.689971105316049,162.94804942830982,4.65,141.8,4,No,0.0,0.0,0,0
2015-06-20,2015,6,20,-18.77719687779224,169.36104970892268,4.68,102.8,6,No,0.0,0.0,0,0
2015-06-28,2015,6,28,-27.091292922741278,177.98056620183132,7.03,38.3,7,Yes,2.81,1.46,34,1525
2015-07-09,2015,7,9,4.402296280218772,95.82345531640725,7.2,31.6,8,Yes,3.9,2.12,148,302
2015-07-11,2015,7,11,34.75686210583477,21.97465380235795,4.71,32.9,4,No,0.0,0.0,0,0
2015-07-29,2015,7,29,43.129077405546965,15.870739697001097,4.47,26.3,5,No,0.0,0.0,0,0
2015-08-06,2015,8,6,39.208109407974206,27.577790756193917,5.18,32.3,7,No,0.0,0.0,15,0
2015-08-06,2015,8,6,-1.9721176619841732,-25.146895092575352,4.06,73.1,4,No,0.0,0.0,0,0
2015-08-20,2015,8,20,-18.43549242329044,-14.516990470173697,4.51,24.2,4,No,0.0,0.0,0,0
2015-09-08,2015,9,8,-12.202699965913114,99.57541108798645,4.48,205.6,5,No,0.0,0.0,0,73
2015-09-16,2015,9,16,-21.53529067382691,108.68575148284296,8.35,66.0,10,Yes,2.86,1.82,45,313
2015-10-10,2015,10,10,29.52144245174987,142.14205522735915,4.27,45.0,5,No,0.0,0.0,0,0
2015-10-11,2015,10,11,10.615304871649357,162.14720272351252,4.04,24.2,6,No,0.0,0.0,0,0
2015-10-14,2015,10,14,-17.62138386372357,169.8880407046589,5.25,14.6,5,No,0.0,0.0,0,0
2015-10-18,2015,10,18,-30.06610459201281,180.0,5.73,117.0,6,No,0.0,0.0,0,219
2015-11-27,2015,11,27,-1.6497424124071287,93.63540955772491,5.08,151.2,5,No,0.0,0.0,0,0
2015-12-09,2015,12,9,33.68319808296799,19.293791054360682,7.71,81.8,8,No,0.0,0.0,0,0
2015-12-29,2015,12,29,33.463229526105025,14.34099164294712,8.42,82.8,10,Yes,3.36,4.83,238,1076
2016-01-10,2016,1,10,39.256165830404875,32.22712825410762,4.18,16.7,6,No,0.0,0.0,0,0
2016-01-20,2016,1,20,0.25929056726262684,-26.272311446752298,5.16,183.4,6,No,0.0,0.0,4,0
2016-01-24,2016,1,24,-20.831159300837275,-12.643807969545156,4.78,12.1,5,No,0.0,0.0,5,0
2016-03-09,2016,3,9,-7.5809037260268735,98.19846694544451,4.09,48.6,5,Yes,4.74,5.36,127,878
2016-03-13,2016,3,13,-19.76564679429195,116.20070756658032,5.09,16.2,6,No,0.0,0.0,4,0
2016-03-21,2016,3,21,34.88031684874486,134.78728130121524,8.51,34.2,9,Yes,3.86,3.78,34,274
2016-04-07,2016,4,7,6.188648864283801,158.04905296041372,4.13,42.2,5,Yes,1.34,5.94,49,1243
2016-04-21,2016,4,21,-13.69198267433226,169.5315185289252,4.08,86.4,5,No,0.0,0.0,0,0
2016-04-23,2016,4,23,-31.352037049493198,175.66599279690328,4.36,88.6,5,No,0.0,0.0,32,180
2016-04-23,2016,4,23,5.101643164772626,95.77761967812519,5.21,126.0,6,No,0.0,0.0,0,0
2016-04-28,2016,4,28,35.97673345036121,31.82747628294291,4.31,91.7,4,No,0.0,0.0,3,81
2016-04-29,2016,4,29,33.49704465365072,15.027422027467898,4.88,30.3,5,No,0.0,0.0,0,143
2016-05-01,2016,5,1,43.21249782030119,24.0238693176686,5.29,18.4,6,No,0.0,0.0,0,0
2016-05-11,2016,5,11,-3.9047639484099936,-30.559055448692707,5.24,10.3,6,No,0.0,0.0,0,122
2016-06-02,2016,6,2,-18.897468768378193,-10.878707322065484,7.2,152.3,7,No,0.0,0.0,5,0
2016-06-10,2016,6,10,-11.906229640686211,99.87612193897814,4.32,88.2,5,No,0.0,0.0,0,0
2016-06-14,2016,6,14,-18.139760004660992,113.24228211795648,4.44,136.8,5,No,0.0,0.0,0,0
2016-06-19,2016,6,19,38.479519899165034,137.48210140303644,5.11,16.2,6,No,0.0,0.0,0,0
2016-06-24,2016,6,24,7.817532686445608,157.67709573368543,4.06,15.4,5,No,0.0,0.0,2,0
2016-06-27,2016,6,27,-16.723147351388818,168.00451458507388,4.78,43.2,6,No,0.0,0.0,0,164
2016-07-14,2016,7,14,-24.49553956623989,174.79478104911792,4.22,64.8,6,No,0.0,0.0,0,0
2016-07-19,2016,7,19,2.53974310863925,99.51349160568844,4.13,39.9,4,No,0.0,0.0,0,0
2016-07-22,2016,7,22,36.530828933507365,27.632051520219093,7.4,67.9,8,Yes,1.36,7.01,13,108
2016-07-29,2016,7,29,35.59972356414568,10.551046704052744,4.43,29.3,6,No,0.0,0.0,4,0
2016-08-31,2016,8,31,36.66294173544004,27.81726418996083,4.61,78.2,5,No,0.0,0.0,2,0
2016-09-09,2016,9,9,-4.00758721250584,-22.82759032205651,5.22,47.5,5,No,0.0,0.0,9,0
2016-09-10,2016,9,10,-23.788309327095693,-16.32762446949945,6.34,22.3,7,No,0.0,0.0,0,0
2016-09-20,2016,9,20,-7.531847876498683,103.67314501035268,4.66,92.7,4,No,0.0,0.0,0,0
2016-11-02,2016,11,2,-22.754636499529376,118.96823340065541,7.99,49.4,8,Yes,4.61,1.31,30,627
2016-11-20,2016,11,20,35.85216971158961,139.77272491266757,4.8,14.7,6,No,0.0,0.0,1,0
2016-11-22,2016,11,22,4.69172546239483,159.2194739506132,4.14,172.9,4,No,0.0,0.0,0,0
2016-12-18,2016,12,18,-15.581116139414886,168.6208638321071,4.26,51.4,5,No,0.0,0.0,1,0
2016-12-20,2016,12,20,-29.369090879334014,177.59518055153245,5.71,13.8,6,No,0.0,0.0,0,0
2016-12-21,2016,12,21,-3.446624888576009,98.61092709083123,4.14,10.1,4,No,0.0,0.0,0,0
2017-01-07,2017,1,7,33.506114459546474,23.46239766806035,6.36,128.1,6,No,0.0,0.0,10,0
2017-01-13,2017,1,13,33.83849351390696,16.283443185458708,4.84,26.9,5,No,0.0,0.0,0,0
2017-01-18,2017,1,18,37.53907109943598,28.86044634124639,4.57,75.3,3,No,0.0,0.0,0,0
2017-01-28,2017,1,28,0.5027103174029709,-21.513221207483,6.62,28.1,7,Yes,2.27,2.89,19,1639
2017-02-06,2017,2,6,-20.877891860990616,-16.069747934086774,4.18,22.4,5,No,0.0,0.0,0,0
2017-03-03,2017,3,3,-11.466658357131074,104.76682098533225,4.61,29.0,5,No,0.0,0.0,0,0
2017-03-14,2017,3,14,-20.203614145098445,116.2948948889128,4.99,46.7,6,No,0.0,0.0,0,0
2017-03-23,2017,3,23,33.42692013295525,140.61645078454336,4.36,66.4,5,No,0.0,0.0,0,71
2017-03-26,2017,3,26,5.9095732043315135,156.7653454896511,9.16,133.1,10,Yes,1.48,1.27,89,117
2017-04-18,2017,4,18,-18.99211539399278,160.46609680341595,5.37,13.7,6,No,0.0,0.0,0,0
2017-04-21,2017,4,21,-34.4293909248654,178.36950700550338,5.51,13.7,6,No,0.0,0.0,0,76
2017-05-13,2017,5,13,-0.5732166423610003,92.2782573640168,4.3,53.1,5,No,0.0,0.0,0,96
2017-05-25,2017,5,25,33.77608556569624,20.997517722985027,4.32,83.2,5,No,0.0,0.0,0,0
2017-05-30,2017,5,30,35.85264280699213,9.07211010032514,8.3,144.2,9,Yes,2.43,1.49,43,318
2017-06-03,2017,6,3,31.78128554697031,22.629955676027755,4.33,11.9,5,No,0.0,0.0,0,0
2017-06-11,2017,6,11,1.2557186579734634,-23.921392169446392,4.99,36.9,5,No,0.0,0.0,1,0
2017-06-12,2017,6,12,-23.37871462125819,-13.354337801149345,4.8,146.2,6,No,0.0,0.0,4,0
2017-06-17,2017,6,17,-10.304674611017655,98.55318336939546,5.57,69.9,5,No,0.0,0.0,0,55
2017-07-06,2017,7,6,-20.806748584093405,114.96331724434022,4.56,93.6,6,No,0.0,0.0,0,83
2017-07-08,2017,7,8,33.40348263126966,140.15641921137086,4.39,117.1,5,Yes,4.01,2.93,59,13
2017-07-20,2017,7,20,12.296950072325895,165.87951176423402,5.82,166.2,7,No,0.0,0.0,0,0
2017-07-28,2017,7,28,-19.12166735276571,169.90181892518507,4.2,102.4,5,No,0.0,0.0,0,0
2017-08-06,2017,8,6,-33.82704797998719,176.61436112024413,5.19,38.6,5,No,0.0,0.0,0,0
2017-08-11,2017,8,11,4.2060234625933886,97.18572431208999,6.7,102.4,7,No,0.0,0.0,0,0
2017-08-15,2017,8,15,34.57472733791739,25.40669024924413,5.65,131.3,7,No,0.0,0.0,0,20
2017-09-02,2017,9,2,38.51374544343217,16.879615090010827,4.65,33.6,6,No,0.0,0.0,1,0
2017-09-21,2017,9,21,37.15638364892671,24.430954445156388,5.05,110.4,5,No,0.0,0.0,2,0
2017-09-26,2017,9,26,3.9465248728203117,-24.368511103235488,8.81,88.7,9,No,0.0,0.0,0,415
2017-10-01,2017,10,1,-21.061057278701018,-17.697293717492002,5.32,54.2,6,No,0.0,0.0,0,0
2017-10-02,2017,10,2,-4.905128822719131,93.05663176366457,5.63,86.6,7,No,0.0,0.0,0,269
2017-10-09,2017,10,9,-22.218243294808072,118.16433344282997,5.12,142.9,6,No,0.0,0.0,0,162
2017-12-01,2017,12,1,36.19466285426088,138.24353960246927,7.63,153.5,8,No,0.0,0.0,0,0
2017-12-05,2017,12,5,6.005363224465784,159.9916416679993,4.25,20.1,4,No,0.0,0.0,0,0
2017-12-09,2017,12,9,-14.979107329674187,164.59157589515374,4.3,52.7,5,No,0.0,0.0,0,0
2017-12-16,2017,12,16,-32.17189419140336,175.06697919893404,5.57,10.9,5,No,0.0,0.0,0,0
2017-12-19,2017,12,19,2.6732516238323485,98.50537350333292,4.2,32.1,4,No,0.0,0.0,0,27
2017-12-27,2017,12,27,37.06062566960868,26.4585057938995,4.81,73.7,5,No,0.0,0.0,0,72
2017-12-27,2017,12,27,37.55139811898029,13.756830624104301,5.27,129.0,6,No,0.0,0.0,0,0
2018-01-19,2018,1,19,31.339351211832305,26.494845232581444,4.59,155.1,5,No,0.0,0.0,0,0
2018-01-29,2018,1,29,-0.1505078029016474,-28.750220553912776,6.01,110.8,7,No,0.0,0.0,0,291
2018-02-04,2018,2,4,-21.410214498766102,-13.385994686329818,5.91,80.1,6,No,0.0,0.0,0,0
2018-02-26,2018,2,26,-11.019277022942571,100.69482242250427,8.92,120.5,10,Yes,4.29,3.19,66,198
2018-03-28,2018,3,28,-18.310404789598064,120.31782000494262,5.8,72.1,6,No,0.0,0.0,0,0
2018-04-10,2018,4,10,32.37247278051467,136.58260103534738,4.99,118.9,5,No,0.0,0.0,0,64
2018-05-07,2018,5,7,4.5643591890036035,158.53709973713512,6.27,83.8,6,No,0.0,0.0,0,0
2018-05-12,2018,5,12,-14.884504542914183,159.83512264774646,5.39,51.0,5,No,0.0,0.0,0,167
2018-05-15,2018,5,15,-29.63180351508518,176.55315811530085,4.22,46.5,5,No,0.0,0.0,0,29
2018-05-31,2018,5,31,-3.1494495302333387,92.88506606813834,6.37,40.5,8,Yes,2.07,3.13,8,482
2018-06-20,2018,6,20,36.5718815362302,23.80030002967205,7.38,188.9,8,No,0.0,0.0,14,0
2018-06-26,2018,6,26,36.9235176142444,14.34852357858943,4.07,49.2,5,No,0.0,0.0,0,0
2018-06-29,2018,6,29,41.55472896073855,30.840645818152385,7.54,16.4,8,Yes,2.14,1.14,59,1003
2018-06-30,2018,6,30,1.183739956452658,-26.27726681395477,6.88,132.9,7,No,0.0,0.0,0,0
2018-07-04,2018,7,4,-19.780825423551313,-18.871215746351687,4.32,65.4,5,Yes,4.22,1.25,22,254
2018-07-16,2018,7,16,-16.624842328684757,99.30824080442916,4.58,176.1,5,No,0.0,0.0,2,0
2018-07-24,2018,7,24,-20.84337645466426,116.73804027927032,5.27,12.8,6,No,0.0,0.0,0,0
2018-08-02,2018,8,2,44.269668823059156,139.8406166231506,4.5,158.2,4,No,0.0,0.0,0,11
2018-08-24,2018,8,24,8.920549115133515,153.19150640650778,5.53,16.9,6,No,0.0,0.0,10,245
2018-08-30,2018,8,30,-16.55600015886363,169.55960463515467,6.34,11.6,7,No,0.0,0.0,0,0
2018-09-04,2018,9,4,-30.55765630821869,174.81039124061223,8.46,24.1,10,Yes,2.93,4.64,5,117
2018-09-05,2018,9,5,4.0927609110175975,94.49172498934112,4.31,52.6,4,No,0.0,0.0,0,0
2018-09-26,2018,9,26,35.82058631342529,27.547427817796574,5.14,154.2,5,No,0.0,0.0,0,0
2018-10-01,2018,10,1,31.758334999104235,15.283863134008074,4.91,41.8,5,No,0.0,0.0,0,0
2018-10-05,2018,10,5,37.218715330795995,23.230058248112854,6.14,219.7,7,No,0.0,0.0,10,0
2018-10-11,2018,10,11,5.738180550919567,-31.521306713241977,6.84,42.7,8,Yes,2.97,3.6,15,1165
2018-10-13,2018,10,13,-15.674172794142198,-13.343108252432074,4.19,14.1,4,No,0.0,0.0,0,0
2018-10-21,2018,10,21,-10.424862949031581,97.47128330702706,4.29,227.5,4,No,0.0,0.0,0,0
2018-10-25,2018,10,25,-25.023408381359737,114.67292974010961,6.49,48.5,7,Yes,1.25,1.53,70,589
2018-10-27,2018,10,27,37.017877282615856,144.3121169522014,4.78,32.6,5,No,0.0,0.0,0,0
2018-10-30,2018,10,30,5.41032621414994,155.51947066524056,4.44,97.2,4,No,0.0,0.0,0,0
2018-11-18,2018,11,18,-17.671131174780236,168.88283363777734,5.76,34.7,6,No,0.0,0.0,0,0
2018-11-18,2018,11,18,-31.89431108244955,180.0,4.51,40.8,6,No,0.0,0.0,0,0
2018-11-26,2018,11,26,0.02859511316582597,94.90684328830527,4.49,16.8,6,No,0.0,0.0,0,0
2018-12-01,2018,12,1,32.05981309447816,20.14659815855399,5.58,16.2,6,No,0.0,0.0,0,0
2018-12-02,2018,12,2,39.94459862589736,15.824738132362521,9.5,56.8,10,Yes,1.9,1.89,31,238
2018-12-09,2018,12,9,41.146479290308456,22.802764715446575,6.72,62.6,6,No,0.0,0.0,0,0
2018-12-18,2018,12,18,-7.493541358701842,-24.061011086395514,5.03,65.0,5,Yes,4.49,2.78,47,84
2018-12-22,2018,12,22,-28.698541639605445,-8.985957273687571,4.82,172.7,5,No,0.0,0.0,0,50
2018-12-23,2018,12,23,-7.6064478958535835,94.37967608813615,6.96,14.1,8,Yes,4.4,1.72,121,401
2018-12-29,2018,12,29,-23.1875227265309,114.652910551253,4.59,56.7,5,No,0.0,0.0,0,0
2019-01-24,2019,1,24,38.54296971591702,140.20982368911152,4.5,23.7,6,No,0.0,0.0,2,0
2019-01-29,2019,1,29,10.325240209132671,163.68110379114663,5.32,49.7,5,No,0.0,0.0,0,25
2019-02-04,2019,2,4,-11.280189578134229,167.00216272080792,5.81,87.8,6,No,0.0,0.0,0,0
2019-02-04,2019,2,4,-29.923844166083185,174.8502795347277,6.65,70.9,8,No,0.0,0.0,0,0
2019-03-07,2019,3,7,8.625257273464115,95.21695044178118,4.9,20.5,6,No,0.0,0.0,0,0
2019-03-26,2019,3,26,38.67156775562778,26.013866662435078,5.04,122.3,5,No,0.0,0.0,8,45
2019-04-10,2019,4,10,33.50560180789263,15.420043460626845,6.06,10.4,6,Yes,3.32,4.76,206,621
2019-04-24,2019,4,24,43.86977007158416,32.97411125525071,4.81,75.6,6,No,0.0,0.0,1,0
2019-05-17,2019,5,17,1.6133045711054512,-24.08083155377976,4.19,241.4,4,No,0.0,0.0,29,0
2019-05-23,2019,5,23,-18.443620947644835,-11.409415272435437,4.58,65.5,5,No,0.0,0.0,0,0
2019-06-11,2019,6,11,-11.993311546316043,96.91864772734365,4.3,126.1,5,No,0.0,0.0,2,0
2019-06-15,2019,6,15,-20.5661347992195,111.46744415228008,5.76,46.0,6,No,0.0,0.0,0,0
2019-07-09,2019,7,9,35.748352837790215,140.19768457881798,5.01,56.2,5,No,0.0,0.0,0,0
2019-07-11,2019,7,11,8.125531736239944,158.34131219891887,4.04,39.9,5,No,0.0,0.0,0,0
2019-08-02,2019,8,2,-13.49250091161213,164.32775340934322,5.08,21.2,6,No,0.0,0.0,0,15
2019-08-15,2019,8,15,-27.54808138878502,179.86225530646988,4.97,61.4,6,Yes,3.49,5.51,60,231
2019-09-06,2019,9,6,4.58589426825946,92.96958916141132,5.77,112.4,6,No,0.0,0.0,0,0
2019-09-10,2019,9,10,38.07689634161775,32.92603573147786,6.08,177.2,7,Yes,1.21,9.32,22,487
2019-09-22,2019,9,22,34.27616285943215,14.882180079145273,6.19,78.8,7,No,0.0,0.0,0,0
2019-09-30,2019,9,30,34.47433209536143,27.55491172521947,4.8,68.5,6,No,0.0,0.0,28,0
2019-10-07,2019,10,7,-4.00970550094476,-20.99002792672305,4.08,11.6,4,No,0.0,0.0,0,0
2019-10-26,2019,10,26,-21.97163512463327,-16.29723595611877,8.62,22.6,9,Yes,2.7,13.71,54,1345
2019-11-04,2019,11,4,-10.488111104707276,97.3864209099771,8.07,49.1,9,Yes,1.56,1.0,64,55
2019-11-19,2019,11,19,-19.316026508872817,116.87374692795173,4.12,56.3,4,No,0.0,0.0,0,0
2019-12-08,2019,12,8,42.0134832361649,136.41772959489455,4.28,77.7,5,No,0.0,0.0,0,116
2019-12-21,2019,12,21,5.906924174558079,162.46705141268725,4.46,116.7,5,No,0.0,0.0,4,49
2019-12-27,2019,12,27,-12.149228418394372,170.8145724429618,5.47,26.6,5,No,0.0,0.0,6,0
2020-01-09,2020,1,9,-27.495750832070094,173.48548677549115,4.04,30.9,4,No,0.0,0.0,0,0
2020-01-15,2020,1,15,0.5472249442075094,96.86221351377952,7.17,10.7,8,No,0.0,0.0,0,0
2020-01-19,2020,1,19,41.62755190006604,23.91085040893426,5.58,74.9,5,Yes,4.75,1.54,31,162
2020-01-20,2020,1,20,39.17377533616937,16.34545636258932,4.45,11.1,5,No,0.0,0.0,0,0
2020-01-28,2020,1,28,34.306133617992586,27.43027970057248,4.66,34.0,6,No,0.0,0.0,0,0
2020-02-09,2020,2,9,2.133577360264727,-30.7669423163619,4.15,21.2,5,No,0.0,0.0,10,60
2020-02-19,2020,2,19,-17.369857440841653,-11.107532347484064,5.26,38.9,6,Yes,2.86,6.16,68,902
2020-03-03,2020,3,3,-13.118887235256757,99.95104836296193,4.02,28.1,3,No,0.0,0.0,0,0
2020-03-08,2020,3,8,-20.448367079494965,110.70750639512599,4.22,21.0,4,Yes,1.79,1.03,44,200
2020-03-20,2020,3,20,31.208692768338373,134.88832287379898,4.01,101.4,4,Yes,4.76,7.68,91,402
2020-04-14,2020,4,14,13.746350253910702,158.80160352858144,4.08,40.6,5,No,0.0,0.0,0,172
2020-04-14,2020,4,14,-16.429654269657725,163.08623166859857,4.57,35.6,5,No,0.0,0.0,0,0
2020-04-18,2020,4,18,-38.652973101534606,178.40026561451575,5.01,24.9,6,No,0.0,0.0,0,0
2020-04-19,2020,4,19,4.487971317748587,95.10504542645907,4.07,252.0,5,No,0.0,0.0,0,0
2020-04-19,2020,4,19,34.93596409348276,28.059329581564864,4.08,10.1,3,No,0.0,0.0,0,12
2020-04-20,2020,4,20,42.30107348318759,11.807265864200328,5.87,19.8,6,No,0.0,0.0,0,0
2020-07-06,2020,7,6,40.493364928253335,28.612236008461142,5.36,30.6,6,No,0.0,0.0,3,0
2020-07-07,2020,7,7,-1.1589674263415266,-31.615883118267718,4.68,61.2,5,No,0.0,0.0,2,98
2020-07-11,2020,7,11,-19.577247055295732,-13.546901272834592,4.09,122.1,4,No,0.0,0.0,0,0
2020-07-30,2020,7,30,-11.087042672638306,102.22546688317038,4.21,41.6,4,No,0.0,0.0,1,54
2020-08-01,2020,8,1,-18.736745029340582,115.10941652996263,4.25,137.4,5,No,0.0,0.0,0,0
2020-08-03,2020,8,3,33.217367382855,137.15156962585317,5.75,22.4,7,No,0.0,0.0,0,0
2020-08-08,2020,8,8,8.313604476556963,161.35440875969138,4.39,26.0,5,No,0.0,0.0,1,0
2020-08-15,2020,8,15,-12.357254492900264,166.71096010551713,4.17,73.7,5,No,0.0,0.0,12,0
2020-08-19,2020,8,19,-32.07423661282922,179.58355361329134,4.06,101.4,4,No,0.0,0.0,0,0
2020-08-30,2020,8,30,5.303990494668652,99.14902024162123,4.96,58.1,6,No,0.0,0.0,0,0
2020-09-07,2020,9,7,36.3711201967891,20.721658848570687,4.78,97.5,5,No,0.0,0.0,0,0
2020-09-10,2020,9,10,40.95459120170207,10.92547523556722,4.42,15.8,5,No,0.0,0.0,1,0
2020-09-12,2020,9,12,38.864631329027844,24.22233028832655,5.84,11.6,6,No,0.0,0.0,0,322
2020-09-17,2020,9,17,2.920097857456843,-23.128312170770272,4.76,30.5,5,No,0.0,0.0,0,0
2020-09-22,2020,9,22,-17.796569764996345,-20.23135956132162,4.89,52.3,5,No,0.0,0.0,0,0
2020-09-22,2020,9,22,-7.276002531452628,101.51926232499109,4.43,57.0,5,No,0.0,0.0,0,0
2020-09-25,2020,9,25,-21.280412584805774,114.22318361026483,5.72,64.0,6,No,0.0,0.0,0,215
2020-09-26,2020,9,26,34.48497903822565,142.29545462815545,5.32,196.6,7,No,0.0,0.0,0,21
2020-10-06,2020,10,6,4.684766499616322,158.45448730272395,6.42,56.4,7,Yes,2.98,5.07,109,356
2020-10-15,2020,10,15,-17.91115194525376,172.18265612786203,4.49,75.7,5,No,0.0,0.0,3,0
2020-10-21,2020,10,21,-29.110346035706083,173.12717024902435,4.0,16.8,5,No,0.0,0.0,0,0
2020-10-27,2020,10,27,3.564348197178587,101.01090722066787,9.31,33.4,9,Yes,1.25,2.51,104,397
2020-11-08,2020,11,8,33.907681335832365,27.898122394172088,4.7,160.7,6,Yes,2.21,8.62,21,155
2020-11-21,2020,11,21,40.907771190358694,15.412985822604139,4.16,153.3,5,No,0.0,0.0,6,0
2020-11-30,2020,11,30,37.60027778639167,25.11398925890742,4.71,32.6,4,Yes,3.74,2.72,20,856
2020-11-30,2020,11,30,-0.1908805123420877,-20.756071997513956,4.53,60.8,5,No,0.0,0.0,6,9
2020-12-08,2020,12,8,-21.38380115149492,-20.758380184194017,7.1,35.1,8,Yes,1.83,2.42,17,575
2020-12-09,2020,12,9,-8.14881086579439,94.95435893493239,4.1,20.6,4,No,0.0,0.0,0,0
2020-12-18,2020,12,18,-17.572661627805864,112.45083723556691,4.29,81.5,5,Yes,3.23,2.43,57,423
2020-12-24,2020,12,24,31.59274745642512,135.89638410745513,5.98,112.5,5,No,0.0,0.0,11,0
2020-12-25,2020,12,25,11.262186381693372,160.71328349378467,5.12,21.3,5,No,0.0,0.0,0,0
2021-01-01,2021,1,1,-14.675957637061497,164.2800543645371,5.82,88.7,6,No,0.0,0.0,6,0
2021-01-14,2021,1,14,-31.074238338537956,180.0,4.37,54.7,4,No,0.0,0.0,0,0
2021-02-01,2021,2,1,-1.806075930529519,102.3597910717801,6.95,24.5,7,No,0.0,0.0,0,0
2021-02-14,2021,2,14,39.27388319623173,29.65373579928319,4.63,15.7,6,Yes,3.36,3.21,113,366
2021-02-15,2021,2,15,31.427563652009788,10.759455080408415,4.04,30.4,5,No,0.0,0.0,0,0
2021-03-27,2021,3,27,39.84915948677596,25.982066438585523,4.12,45.7,5,No,0.0,0.0,0,20
2021-04-04,2021,4,4,1.7367859457137045,-23.619873028418603,5.44,61.7,6,Yes,4.31,5.66,32,626
2021-04-04,2021,4,4,-21.475636076148962,-16.71173649548803,5.07,42.4,5,No,0.0,0.0,4,0
2021-04-12,2021,4,12,-7.781771534150613,98.78293486058124,6.06,107.5,6,No,0.0,0.0,5,0
2021-04-17,2021,4,17,-20.28988860859002,114.58060324296775,7.5,109.8,8,No,0.0,0.0,0,0
2021-05-04,2021,5,4,34.091344268603024,143.03829938354278,6.31,41.0,7,No,0.0,0.0,0,0
2021-05-12,2021,5,12,10.548794748839995,156.11506783409524,4.95,182.2,6,No,0.0,0.0,0,63
2021-05-20,2021,5,20,-11.872375223722472,168.38948629363645,4.08,105.7,4,No,0.0,0.0,1,0
2021-06-03,2021,6,3,-29.865380293020895,178.12345673277386,4.21,23.3,5,No,0.0,0.0,0,0
2021-06-11,2021,6,11,6.293456353285223,96.21989124945867,5.44,16.0,6,No,0.0,0.0,0,0
2021-06-12,2021,6,12,39.651891779773,21.576291349465816,4.39,52.8,5,No,0.0,0.0,0,108
2021-06-14,2021,6,14,35.65720842845076,16.9556518438109,5.01,195.5,6,No,0.0,0.0,0,93
2021-06-22,2021,6,22,41.06120120890836,29.170044656592015,4.9,107.7,6,No,0.0,0.0,0,0
2021-07-03,2021,7,3,3.2686097492299218,-17.90377668400008,4.91,21.7,5,Yes,1.97,3.14,23,307
2021-07-08,2021,7,8,-20.426745285919356,-9.455856162516792,4.24,52.4,5,No,0.0,0.0,0,37
2021-07-21,2021,7,21,-12.281090923648392,98.81916525390098,4.33,54.3,5,Yes,4.45,10.77,31,309
2021-08-05,2021,8,5,-20.35029199334473,110.26111764233447,4.35,63.1,5,No,0.0,0.0,5,0
2021-08-09,2021,8,9,36.97680606456105,142.25448322046833,4.18,69.3,5,No,0.0,0.0,0,102
2021-08-22,2021,8,22,8.63847540970231,160.69377324155226,7.48,25.8,8,Yes,4.98,1.87,71,377
2021-08-31,2021,8,31,-17.159968599665817,164.2278115779768,4.88,19.4,6,No,0.0,0.0,0,105
2021-09-03,2021,9,3,-29.627142915447447,179.80816850380805,4.14,46.1,5,No,0.0,0.0,8,63
2021-09-06,2021,9,6,-1.7509407488779405,97.63244523387758,4.57,37.6,5,No,0.0,0.0,17,132
2021-09-08,2021,9,8,36.39929386223695,26.562068489268007,5.87,68.2,6,No,0.0,0.0,15,0
2021-09-16,2021,9,16,40.57327204943857,14.559439436234097,4.9,37.6,5,No,0.0,0.0,0,0
2021-09-28,2021,9,28,37.819361040380436,29.053983691631235,5.51,130.2,7,Yes,3.23,5.64,62,205
2021-10-13,2021,10,13,3.145199663440623,-25.24320131630625,5.32,66.1,7,No,0.0,0.0,0,0
2021-11-02,2021,11,2,-19.80937984849299,-18.145310727450664,4.15,133.0,4,No,0.0,0.0,0,0
2021-11-02,2021,11,2,-4.955522627745953,97.3483933145778,4.1,55.0,5,No,0.0,0.0,0,227
2021-11-15,2021,11,15,-19.004244656876338,123.8062186191654,7.77,125.1,8,No,0.0,0.0,2,0
2021-11-20,2021,11,20,31.9960560374061,136.23343328370512,6.96,13.6,8,Yes,1.69,2.27,2,167
2021-11-22,2021,11,22,9.863092821035153,159.40855785712475,4.95,113.4,5,No,0.0,0.0,0,0
2021-11-24,2021,11,24,-12.540780848225715,166.41358206924207,6.02,49.1,6,No,0.0,0.0,0,0
2021-11-27,2021,11,27,-24.565509354384698,179.15595788476725,4.25,40.0,5,No,0.0,0.0,0,0
2021-11-29,2021,11,29,4.616459317052165,97.9721093281196,4.81,131.0,6,No,0.0,0.0,1,0
2021-11-30,2021,11,30,35.026365327896215,25.17359214228027,4.49,109.1,5,No,0.0,0.0,0,0
2021-12-25,2021,12,25,32.136975146270984,12.906512135238305,6.48,90.6,7,No,0.0,0.0,0,0
2021-12-26,2021,12,26,42.69210871495341,24.153141516693964,5.15,39.8,5,No,0.0,0.0,6,0
2022-01-02,2022,1,2,-1.1269009821520206,-28.914450671298848,4.39,53.8,5,No,0.0,0.0,0,0
2022-02-21,2022,2,21,-21.212034291904395,-14.523453519851076,4.8,11.8,6,No,0.0,0.0,0,0
2022-02-22,2022,2,22,-12.60376738825346,101.67141285521045,4.44,93.2,5,No,0.0,0.0,3,0
2022-03-02,2022,3,2,-21.307293490911857,116.32695060449346,5.14,17.8,5,Yes,4.23,1.58,98,215
2022-03-04,2022,3,4,29.83495227521913,141.3951594163043,4.14,22.6,6,No,0.0,0.0,0,0
2022-03-05,2022,3,5,10.311380339193155,160.27616541193598,4.96,52.6,6,No,0.0,0.0,0,0
2022-03-10,2022,3,10,-17.362703609178286,164.3846757770922,5.05,78.1,6,No,0.0,0.0,6,0
2022-03-13,2022,3,13,-33.74866770821844,179.84744748502453,6.8,47.3,7,Yes,4.53,3.05,42,710
2022-03-25,2022,3,25,0.420334600589894,93.03295769595012,7.01,74.4,8,No,0.0,0.0,2,0
2022-03-29,2022,3,29,32.79955379996516,24.097522131903105,4.73,211.1,4,No,0.0,0.0,0,0
2022-04-07,2022,4,7,32.57121236799466,20.416723298060447,4.85,12.8,5,No,0.0,0.0,0,10
2022-04-28,2022,4,28,40.34948164117953,24.87734314411768,8.75,106.4,9,Yes,2.31,1.71,39,19
2022-04-29,2022,4,29,0.8279534787374169,-18.873226478467625,7.43,19.0,8,Yes,4.17,1.41,52,103
2022-04-30,2022,4,30,-22.671706431773043,-20.329514721876926,8.43,16.8,10,Yes,1.92,5.45,19,87
2022-05-03,2022,5,3,-11.291947758261479,102.4190452332248,5.61,51.8,6,No,0.0,0.0,0,0
2022-05-03,2022,5,3,-21.892539208841566,116.29705814260102,4.86,35.8,5,No,0.0,0.0,0,64
2022-05-03,2022,5,3,32.65293823249402,141.55949591923957,4.98,251.5,5,No,0.0,0.0,0,0
2022-05-18,2022,5,18,8.046629358263067,163.31714372752987,4.64,63.2,5,No,0.0,0.0,0,0
2022-05-28,2022,5,28,-20.51555586981621,169.69435197236703,4.13,256.7,4,No,0.0,0.0,10,0
2022-06-08,2022,6,8,-26.48649710188156,172.60507576168533,4.63,36.4,5,No,0.0,0.0,0,0
2022-06-19,2022,6,19,2.011883842773763,95.22566854138168,5.32,136.4,6,No,0.0,0.0,0,0
2022-07-23,2022,7,23,33.97355404661828,25.585230776267807,4.87,12.3,6,No,0.0,0.0,0,117
2022-08-11,2022,8,11,33.80190348511696,14.845373374177045,4.36,13.3,5,No,0.0,0.0,0,0
2022-08-31,2022,8,31,39.789737765179744,24.846285321272365,5.25,62.4,7,No,0.0,0.0,0,111
2022-09-06,2022,9,6,-3.37834192733622,-29.462079750177228,4.36,54.0,5,No,0.0,0.0,1,0
2022-09-09,2022,9,9,-17.182523260567454,-17.213924983012923,4.16,25.9,5,No,0.0,0.0,0,0
2022-09-11,2022,9,11,-7.644444753068871,94.66695711288939,4.12,153.5,5,No,0.0,0.0,0,0
2022-09-13,2022,9,13,-15.743245784261948,119.37706704487567,5.49,50.3,7,No,0.0,0.0,0,0
2022-09-14,2022,9,14,34.07280128978522,140.2144702264248,4.13,43.0,5,No,0.0,0.0,0,0
2022-09-16,2022,9,16,16.69695472450689,160.32245715499425,6.64,18.6,7,Yes,3.37,1.54,11,1967
2022-09-19,2022,9,19,-19.092317981455075,165.404366749132,4.28,65.1,4,No,0.0,0.0,0,223
2022-10-11,2022,10,11,-32.79711372954596,170.14266826651516,6.99,142.4,7,No,0.0,0.0,0,0
2022-10-12,2022,10,12,-2.8891994957385867,98.66892703610948,6.61,10.3,8,Yes,2.36,2.17,61,963
2022-10-15,2022,10,15,35.973974706507555,25.428971904427648,4.9,10.6,5,No,0.0,0.0,0,0
2022-11-04,2022,11,4,38.45714752406199,19.826141649146685,4.1,16.2,4,No,0.0,0.0,0,0
2022-12-03,2022,12,3,40.83536114700799,29.625870160249587,4.61,80.3,6,No,0.0,0.0,0,0
2022-12-05,2022,12,5,1.676171510833456,-25.469432128369476,6.56,54.3,6,Yes,1.81,2.25,29,185
2022-12-28,2022,12,28,-19.830741640178587,-8.691988029798127,4.86,59.7,5,No,0.0,0.0,0,0
